phrase,category,cluster
outdoor use,Arts_Crafts_and_Sewing,1
craft supplies,Arts_Crafts_and_Sewing,1
craft item,Arts_Crafts_and_Sewing,1
craft project,Arts_Crafts_and_Sewing,1
craft work,Arts_Crafts_and_Sewing,1
crafts projects,Arts_Crafts_and_Sewing,1
variety of projects,Arts_Crafts_and_Sewing,1
art project,Arts_Crafts_and_Sewing,1
different projects,Arts_Crafts_and_Sewing,1
mixed media projects,Arts_Crafts_and_Sewing,1
craft fair,Arts_Crafts_and_Sewing,1
craft room,Arts_Crafts_and_Sewing,1
craft needs,Arts_Crafts_and_Sewing,1
craft stores,Arts_Crafts_and_Sewing,1
local craft store,Arts_Crafts_and_Sewing,1
mini album,Arts_Crafts_and_Sewing,1
outdoor cushions,Arts_Crafts_and_Sewing,1
homemade cards,Arts_Crafts_and_Sewing,1
project look,Arts_Crafts_and_Sewing,1
large project,Arts_Crafts_and_Sewing,1
small projects,Arts_Crafts_and_Sewing,1
fun project,Arts_Crafts_and_Sewing,1
quilting project,Arts_Crafts_and_Sewing,1
next project,Arts_Crafts_and_Sewing,1
cross stitch kits,Arts_Crafts_and_Sewing,1
easy install,Automotive,1
easy to install,Automotive,1
simple install,Automotive,1
problem installing,Automotive,1
professional install,Automotive,1
center console,Automotive,1
minute install,Automotive,1
min install,Automotive,1
quick installation,Automotive,1
install instructions,Automotive,1
car windows,Automotive,1
tinted windows,Automotive,1
mechanic install,Automotive,1
easy instructions,Automotive,1
backup lights,Automotive,1
ford explorer,Automotive,1
mitsubishi eclipse,Automotive,1
same as oem,Automotive,1
super easy,Automotive,1
long time,Automotive,1
easy access,Automotive,1
rubber boot,Automotive,1
super product,Automotive,1
super fast,Automotive,1
much cooler,Automotive,1
expiration date,Grocery_and_Gourmet_Food,1
expired date,Grocery_and_Gourmet_Food,1
use by date,Grocery_and_Gourmet_Food,1
freshness date,Grocery_and_Gourmet_Food,1
exp date,Grocery_and_Gourmet_Food,1
only complaint,Grocery_and_Gourmet_Food,1
only drawback,Grocery_and_Gourmet_Food,1
fast shipment,Grocery_and_Gourmet_Food,1
quick shipment,Grocery_and_Gourmet_Food,1
delivery date,Grocery_and_Gourmet_Food,1
due date,Grocery_and_Gourmet_Food,1
different seller,Grocery_and_Gourmet_Food,1
buyer beware,Grocery_and_Gourmet_Food,1
sell by date,Grocery_and_Gourmet_Food,1
repeat buyer,Grocery_and_Gourmet_Food,1
return policy,Grocery_and_Gourmet_Food,1
nursing home,Grocery_and_Gourmet_Food,1
only option,Grocery_and_Gourmet_Food,1
return customer,Grocery_and_Gourmet_Food,1
money spent,Grocery_and_Gourmet_Food,1
only product,Grocery_and_Gourmet_Food,1
only place,Grocery_and_Gourmet_Food,1
extra money,Grocery_and_Gourmet_Food,1
pay attention,Grocery_and_Gourmet_Food,1
amount of money,Grocery_and_Gourmet_Food,1
mouse pad,Office_Products,1
wrist pad,Office_Products,1
desk pad,Office_Products,1
mickey mouse,Office_Products,1
laser mouse,Office_Products,1
wireless mouse,Office_Products,1
optical mouse,Office_Products,1
note pad,Office_Products,1
legal pad,Office_Products,1
memo pad,Office_Products,1
pad of paper,Office_Products,1
dry erase markers,Office_Products,1
expo markers,Office_Products,1
hole punch,Office_Products,1
stamp pad,Office_Products,1
ink pad,Office_Products,1
push pins,Office_Products,1
black marker,Office_Products,1
permanent marker,Office_Products,1
chalk markers,Office_Products,1
belt loop,Office_Products,1
sticky residue,Office_Products,1
dry erase board,Office_Products,1
belt clip,Office_Products,1
bottle opener,Office_Products,1
heavy duty,Patio_Lawn_and_Garden,1
big deal,Patio_Lawn_and_Garden,1
big lots,Patio_Lawn_and_Garden,1
phone number,Patio_Lawn_and_Garden,1
plenty of room,Patio_Lawn_and_Garden,1
much room,Patio_Lawn_and_Garden,1
enough room,Patio_Lawn_and_Garden,1
hundreds of dollars,Patio_Lawn_and_Garden,1
direct replacement,Patio_Lawn_and_Garden,1
big problem,Patio_Lawn_and_Garden,1
large area,Patio_Lawn_and_Garden,1
heavy material,Patio_Lawn_and_Garden,1
big plus,Patio_Lawn_and_Garden,1
big difference,Patio_Lawn_and_Garden,1
heavy use,Patio_Lawn_and_Garden,1
big box stores,Patio_Lawn_and_Garden,1
big hit,Patio_Lawn_and_Garden,1
huge box,Patio_Lawn_and_Garden,1
heavy snow,Patio_Lawn_and_Garden,1
big mess,Patio_Lawn_and_Garden,1
new battery,Patio_Lawn_and_Garden,1
big disappointment,Patio_Lawn_and_Garden,1
big mistake,Patio_Lawn_and_Garden,1
big fan,Patio_Lawn_and_Garden,1
arrival date,Patio_Lawn_and_Garden,1
assorted colors,Arts_Crafts_and_Sewing,1
selection of colors,Arts_Crafts_and_Sewing,1
variety of colors,Arts_Crafts_and_Sewing,1
different colours,Arts_Crafts_and_Sewing,1
different colors,Arts_Crafts_and_Sewing,1
various colors,Arts_Crafts_and_Sewing,1
solid colors,Arts_Crafts_and_Sewing,1
darker colors,Arts_Crafts_and_Sewing,1
vibrant colors,Arts_Crafts_and_Sewing,1
different fabrics,Arts_Crafts_and_Sewing,1
skein of yarn,Arts_Crafts_and_Sewing,1
tee shirt,Arts_Crafts_and_Sewing,1
small beads,Arts_Crafts_and_Sewing,1
pony beads,Arts_Crafts_and_Sewing,1
clear beads,Arts_Crafts_and_Sewing,1
large beads,Arts_Crafts_and_Sewing,1
enough yarn,Arts_Crafts_and_Sewing,1
yellow color,Arts_Crafts_and_Sewing,1
colored pencils,Arts_Crafts_and_Sewing,1
same colors,Arts_Crafts_and_Sewing,1
new colors,Arts_Crafts_and_Sewing,1
own colors,Arts_Crafts_and_Sewing,1
type of yarn,Arts_Crafts_and_Sewing,1
first wear,Arts_Crafts_and_Sewing,1
cotton yarn,Arts_Crafts_and_Sewing,1
exact fit,Automotive,2
fit well,Automotive,2
proper fit,Automotive,2
fit fine,Automotive,3
fit right,Automotive,2
fit properly,Automotive,2
fit as described,Automotive,2
custom fit,Automotive,2
exact oem fit,Automotive,2
fit like factory,Automotive,2
timely manner,Automotive,1
different brand,Automotive,1
exact replacement,Automotive,1
factory replacement,Automotive,1
original pump,Automotive,4
timely matter,Automotive,1
simple design,Automotive,1
correct item,Automotive,1
correct product,Automotive,1
original review,Automotive,4
poor fit,Automotive,2
correct parts,Automotive,1
factory specs,Automotive,1
exact replica,Automotive,1
product fit,Automotive,2
dark chocolate,Grocery_and_Gourmet_Food,1
milk chocolate,Grocery_and_Gourmet_Food,1
double chocolate,Grocery_and_Gourmet_Food,1
yummy candy,Grocery_and_Gourmet_Food,1
candy bar,Grocery_and_Gourmet_Food,1
hard candy,Grocery_and_Gourmet_Food,1
fresh candy,Grocery_and_Gourmet_Food,1
cup of tea,Grocery_and_Gourmet_Food,1
cup of coffee,Grocery_and_Gourmet_Food,1
cup of water,Grocery_and_Gourmet_Food,1
peanut butter cups,Grocery_and_Gourmet_Food,1
natural peanut butter,Grocery_and_Gourmet_Food,1
like chocolate,Grocery_and_Gourmet_Food,1
chocolate flavor,Grocery_and_Gourmet_Food,1
raw honey,Grocery_and_Gourmet_Food,1
chocolate syrup,Grocery_and_Gourmet_Food,1
much chocolate,Grocery_and_Gourmet_Food,1
subtle flavor,Grocery_and_Gourmet_Food,1
first cup,Grocery_and_Gourmet_Food,1
chocolate craving,Grocery_and_Gourmet_Food,1
type of candy,Grocery_and_Gourmet_Food,1
little honey,Grocery_and_Gourmet_Food,1
peanut brittle,Grocery_and_Gourmet_Food,1
passion fruit,Grocery_and_Gourmet_Food,1
milk supply,Grocery_and_Gourmet_Food,1
key chain,Office_Products,1
new home,Office_Products,1
new house,Office_Products,1
retail stores,Office_Products,1
house key,Office_Products,1
home business,Office_Products,1
small business,Office_Products,1
current month,Office_Products,1
same company,Office_Products,1
new product,Office_Products,1
new model,Office_Products,1
new unit,Office_Products,1
new item,Office_Products,1
near future,Office_Products,1
new set,Office_Products,1
new job,Office_Products,1
current year,Office_Products,1
new calendar,Office_Products,1
personal use,Office_Products,1
expensive brands,Office_Products,1
new battery,Office_Products,1
business days,Office_Products,1
new year,Office_Products,1
personal preference,Office_Products,1
personal touch,Office_Products,1
exact fit,Patio_Lawn_and_Garden,2
fit well,Patio_Lawn_and_Garden,2
proper fit,Patio_Lawn_and_Garden,2
fit right,Patio_Lawn_and_Garden,2
fit as described,Patio_Lawn_and_Garden,2
product fit,Patio_Lawn_and_Garden,2
temperature gauge,Patio_Lawn_and_Garden,1
timely manner,Patio_Lawn_and_Garden,1
timely matter,Patio_Lawn_and_Garden,1
different brand,Patio_Lawn_and_Garden,1
fit fine,Patio_Lawn_and_Garden,3
exact replacement,Patio_Lawn_and_Garden,1
original pump,Patio_Lawn_and_Garden,4
simple design,Patio_Lawn_and_Garden,1
correct item,Patio_Lawn_and_Garden,1
factory replacement,Patio_Lawn_and_Garden,1
original review,Patio_Lawn_and_Garden,4
correct product,Patio_Lawn_and_Garden,1
poor design,Patio_Lawn_and_Garden,1
correct parts,Patio_Lawn_and_Garden,1
original piece,Patio_Lawn_and_Garden,4
original parts,Patio_Lawn_and_Garden,4
exact model,Patio_Lawn_and_Garden,1
original equipment,Patio_Lawn_and_Garden,4
full price,Patio_Lawn_and_Garden,1
card making,Arts_Crafts_and_Sewing,1
card projects,Arts_Crafts_and_Sewing,1
own greeting cards,Arts_Crafts_and_Sewing,1
credit card,Arts_Crafts_and_Sewing,1
gift card,Arts_Crafts_and_Sewing,1
stamp set,Arts_Crafts_and_Sewing,1
set of stamps,Arts_Crafts_and_Sewing,1
business cards,Arts_Crafts_and_Sewing,1
place cards,Arts_Crafts_and_Sewing,1
special gift,Arts_Crafts_and_Sewing,1
free gift,Arts_Crafts_and_Sewing,1
gift for christmas,Arts_Crafts_and_Sewing,1
day gift,Arts_Crafts_and_Sewing,1
shipping box,Arts_Crafts_and_Sewing,1
card stock,Arts_Crafts_and_Sewing,1
small box,Arts_Crafts_and_Sewing,1
safety pin,Arts_Crafts_and_Sewing,1
large stamp,Arts_Crafts_and_Sewing,1
fun stamp,Arts_Crafts_and_Sewing,1
clear stamps,Arts_Crafts_and_Sewing,1
money spent,Arts_Crafts_and_Sewing,1
card front,Arts_Crafts_and_Sewing,1
bought as gift,Arts_Crafts_and_Sewing,1
sticker sheet,Arts_Crafts_and_Sewing,1
much money,Arts_Crafts_and_Sewing,1
easy installation,Automotive,1
ease of installation,Automotive,1
simple installation,Automotive,1
old unit,Automotive,1
whole unit,Automotive,1
stock unit,Automotive,1
super product,Automotive,1
original equipment,Automotive,4
multiple times,Automotive,1
necessary hardware,Automotive,1
new hardware,Automotive,1
super fast,Automotive,1
problems with installation,Automotive,1
issues with installation,Automotive,1
cooling system,Automotive,1
instrument cluster,Automotive,1
product as described,Automotive,1
exhaust system,Automotive,1
professional installation,Automotive,1
super easy,Automotive,1
installation process,Automotive,1
easy application,Automotive,1
wiring diagram,Automotive,1
quick delivery,Automotive,1
car drives,Automotive,1
olive oil,Grocery_and_Gourmet_Food,1
sesame oil,Grocery_and_Gourmet_Food,1
truffle oil,Grocery_and_Gourmet_Food,1
palm oil,Grocery_and_Gourmet_Food,1
coconut oil,Grocery_and_Gourmet_Food,1
peanut oil,Grocery_and_Gourmet_Food,1
canola oil,Grocery_and_Gourmet_Food,1
garlic salt,Grocery_and_Gourmet_Food,1
sea salt,Grocery_and_Gourmet_Food,1
much salt,Grocery_and_Gourmet_Food,1
little salt,Grocery_and_Gourmet_Food,1
hint of salt,Grocery_and_Gourmet_Food,1
balsamic vinegar,Grocery_and_Gourmet_Food,1
apple cider vinegar,Grocery_and_Gourmet_Food,1
dried apricots,Grocery_and_Gourmet_Food,1
dried cranberries,Grocery_and_Gourmet_Food,1
red pepper,Grocery_and_Gourmet_Food,1
lemon pepper,Grocery_and_Gourmet_Food,1
added salt,Grocery_and_Gourmet_Food,1
garlic bread,Grocery_and_Gourmet_Food,1
fresh garlic,Grocery_and_Gourmet_Food,1
green onions,Grocery_and_Gourmet_Food,1
corn flakes,Grocery_and_Gourmet_Food,1
finishing salt,Grocery_and_Gourmet_Food,1
honey mustard,Grocery_and_Gourmet_Food,1
ink cartridges,Office_Products,1
color cartridge,Office_Products,4
yellow cartridge,Office_Products,4
black ink cartridge,Office_Products,4
toner cartridge,Office_Products,4
expensive cartridges,Office_Products,1
old cartridge,Office_Products,4
replacement cartridges,Office_Products,1
refillable cartridges,Office_Products,1
original cartridge,Office_Products,4
original ink,Office_Products,4
remanufactured ink,Office_Products,1
remanufactured cartridges,Office_Products,1
hp cartridges,Office_Products,1
hp ink,Office_Products,1
original hp cartridge,Office_Products,4
ink jet printer,Office_Products,1
color printer,Office_Products,1
xerox phaser,Office_Products,1
color laser printer,Office_Products,1
hp printer,Office_Products,1
color ink,Office_Products,1
pen refills,Office_Products,1
ink roller,Office_Products,1
colored pencils,Office_Products,1
fairy garden,Patio_Lawn_and_Garden,0
vegetable garden,Patio_Lawn_and_Garden,0
herb garden,Patio_Lawn_and_Garden,0
flower garden,Patio_Lawn_and_Garden,0
little garden,Patio_Lawn_and_Garden,0
miniature garden,Patio_Lawn_and_Garden,0
small garden,Patio_Lawn_and_Garden,0
large garden,Patio_Lawn_and_Garden,0
mini garden,Patio_Lawn_and_Garden,0
sunflower seeds,Patio_Lawn_and_Garden,1
fresh seeds,Patio_Lawn_and_Garden,1
green beans,Patio_Lawn_and_Garden,1
fresh herbs,Patio_Lawn_and_Garden,1
garden stakes,Patio_Lawn_and_Garden,0
garden flag,Patio_Lawn_and_Garden,0
palm tree,Patio_Lawn_and_Garden,1
garden gloves,Patio_Lawn_and_Garden,0
big green egg,Patio_Lawn_and_Garden,1
garden stone,Patio_Lawn_and_Garden,0
rock garden,Patio_Lawn_and_Garden,0
garden bed,Patio_Lawn_and_Garden,0
indoor garden,Patio_Lawn_and_Garden,0
front garden,Patio_Lawn_and_Garden,0
garden tractor,Patio_Lawn_and_Garden,0
garden winds,Patio_Lawn_and_Garden,0
christmas cards,Arts_Crafts_and_Sewing,1
halloween cards,Arts_Crafts_and_Sewing,1
holiday cards,Arts_Crafts_and_Sewing,1
greeting cards,Arts_Crafts_and_Sewing,1
xmas gift,Arts_Crafts_and_Sewing,1
birthday gift,Arts_Crafts_and_Sewing,1
gift for christmas,Arts_Crafts_and_Sewing,1
jewelry box,Arts_Crafts_and_Sewing,1
christmas tree,Arts_Crafts_and_Sewing,1
stamp pad,Arts_Crafts_and_Sewing,1
baby gift,Arts_Crafts_and_Sewing,1
homemade cards,Arts_Crafts_and_Sewing,1
place cards,Arts_Crafts_and_Sewing,1
pin cushion,Arts_Crafts_and_Sewing,1
dollar tree,Arts_Crafts_and_Sewing,1
shaker cards,Arts_Crafts_and_Sewing,1
gift tags,Arts_Crafts_and_Sewing,1
fun stamp,Arts_Crafts_and_Sewing,1
credit card,Arts_Crafts_and_Sewing,1
gift wrapping,Arts_Crafts_and_Sewing,1
wooden box,Arts_Crafts_and_Sewing,1
gift boxes,Arts_Crafts_and_Sewing,1
card making,Arts_Crafts_and_Sewing,1
lovely cards,Arts_Crafts_and_Sewing,1
sticker sheet,Arts_Crafts_and_Sewing,1
heavy duty,Automotive,1
super duty,Automotive,1
big deal,Automotive,1
phone number,Automotive,1
plenty of room,Automotive,1
enough room,Automotive,1
hundreds of dollars,Automotive,1
direct replacement,Automotive,1
big problem,Automotive,1
big issue,Automotive,1
phone case,Automotive,1
parking lot,Automotive,1
big block,Automotive,1
big bucks,Automotive,1
big help,Automotive,1
big plus,Automotive,1
big difference,Automotive,1
big hit,Automotive,1
big box,Automotive,1
new battery,Automotive,1
dead battery,Automotive,1
huge improvement,Automotive,1
big mistake,Automotive,1
big fan,Automotive,1
direct fit replacement,Automotive,2
orange flavor,Grocery_and_Gourmet_Food,1
coconut flavor,Grocery_and_Gourmet_Food,1
fresh flavor,Grocery_and_Gourmet_Food,1
rich flavor,Grocery_and_Gourmet_Food,1
miso soup,Grocery_and_Gourmet_Food,1
chicken noodle soup,Grocery_and_Gourmet_Food,1
steak sauce,Grocery_and_Gourmet_Food,1
bbq sauce,Grocery_and_Gourmet_Food,1
condensed milk,Grocery_and_Gourmet_Food,1
coconut milk,Grocery_and_Gourmet_Food,1
peanut butter,Grocery_and_Gourmet_Food,1
honey mustard,Grocery_and_Gourmet_Food,1
yum yum,Grocery_and_Gourmet_Food,1
spicy food,Grocery_and_Gourmet_Food,1
egg salad,Grocery_and_Gourmet_Food,1
soy sauce,Grocery_and_Gourmet_Food,1
chocolate syrup,Grocery_and_Gourmet_Food,1
yummy candy,Grocery_and_Gourmet_Food,1
stir fries,Grocery_and_Gourmet_Food,1
milk chocolate,Grocery_and_Gourmet_Food,1
tomato sauce,Grocery_and_Gourmet_Food,1
fresh candy,Grocery_and_Gourmet_Food,1
balsamic vinegar,Grocery_and_Gourmet_Food,1
frozen pizza,Grocery_and_Gourmet_Food,1
salad dressing,Grocery_and_Gourmet_Food,1
heavy duty,Office_Products,1
big deal,Office_Products,1
large quantity,Office_Products,1
huge savings,Office_Products,1
phone number,Office_Products,1
plenty of room,Office_Products,1
hundreds of dollars,Office_Products,1
large calendar,Office_Products,1
direct replacement,Office_Products,1
big problem,Office_Products,1
phone case,Office_Products,1
much room,Office_Products,1
enough room,Office_Products,1
little room,Office_Products,1
last minute,Office_Products,1
big help,Office_Products,1
phone line,Office_Products,1
big plus,Office_Products,1
big difference,Office_Products,1
heavy use,Office_Products,1
big box stores,Office_Products,1
big hit,Office_Products,1
large box,Office_Products,1
phone call,Office_Products,1
big mess,Office_Products,1
exact replacement,Patio_Lawn_and_Garden,1
identical replacement,Patio_Lawn_and_Garden,1
exact oem replacement,Patio_Lawn_and_Garden,1
correct item,Patio_Lawn_and_Garden,1
correct product,Patio_Lawn_and_Garden,1
temperature gauge,Patio_Lawn_and_Garden,1
quick delivery,Patio_Lawn_and_Garden,1
fast delivery,Patio_Lawn_and_Garden,1
reasonable cost,Patio_Lawn_and_Garden,1
correct parts,Patio_Lawn_and_Garden,1
factory replacement,Patio_Lawn_and_Garden,1
timely manner,Patio_Lawn_and_Garden,1
timely matter,Patio_Lawn_and_Garden,1
exact fit,Patio_Lawn_and_Garden,2
extra cost,Patio_Lawn_and_Garden,1
speed of delivery,Patio_Lawn_and_Garden,1
delivery time,Patio_Lawn_and_Garden,1
shipping cost,Patio_Lawn_and_Garden,1
super fast shipping,Patio_Lawn_and_Garden,1
accurate description,Patio_Lawn_and_Garden,1
expected delivery date,Patio_Lawn_and_Garden,1
exact model,Patio_Lawn_and_Garden,1
correct size,Patio_Lawn_and_Garden,1
replacement parts,Patio_Lawn_and_Garden,1
only option,Patio_Lawn_and_Garden,1
jewelry projects,Arts_Crafts_and_Sewing,1
jewelry making,Arts_Crafts_and_Sewing,1
jewelry creations,Arts_Crafts_and_Sewing,1
jewelry look,Arts_Crafts_and_Sewing,1
earring set,Arts_Crafts_and_Sewing,1
pair of earrings,Arts_Crafts_and_Sewing,1
friendship bracelets,Arts_Crafts_and_Sewing,1
piece of jewelry,Arts_Crafts_and_Sewing,1
pearl necklace,Arts_Crafts_and_Sewing,1
living locket,Arts_Crafts_and_Sewing,1
jewelry piece,Arts_Crafts_and_Sewing,1
wrap bracelets,Arts_Crafts_and_Sewing,1
charm bracelet,Arts_Crafts_and_Sewing,1
pandora bracelet,Arts_Crafts_and_Sewing,1
bead work,Arts_Crafts_and_Sewing,1
jewelry store,Arts_Crafts_and_Sewing,1
jewelry box,Arts_Crafts_and_Sewing,1
small charms,Arts_Crafts_and_Sewing,1
little charms,Arts_Crafts_and_Sewing,1
candle making,Arts_Crafts_and_Sewing,1
jewelry designs,Arts_Crafts_and_Sewing,1
swarovski crystals,Arts_Crafts_and_Sewing,1
money spent,Arts_Crafts_and_Sewing,1
bead caps,Arts_Crafts_and_Sewing,1
much money,Arts_Crafts_and_Sewing,1
oem part,Automotive,1
oem replacement part,Automotive,1
oem piece,Automotive,1
oem product,Automotive,1
oem unit,Automotive,1
like oem,Automotive,1
same as oem,Automotive,1
oem version,Automotive,1
oem ones,Automotive,1
part store,Automotive,1
honda pilot,Automotive,1
oem price,Automotive,1
car part,Automotive,1
travel trailer,Automotive,1
oem fit,Automotive,2
oem filter,Automotive,1
oem mirror,Automotive,1
oem bulbs,Automotive,1
right part,Automotive,1
oem specs,Automotive,1
oem hose,Automotive,1
hard part,Automotive,1
different part,Automotive,1
clear background,Automotive,1
oem sensor,Automotive,1
green tea,Grocery_and_Gourmet_Food,1
ginger tea,Grocery_and_Gourmet_Food,1
milk tea,Grocery_and_Gourmet_Food,1
iced tea,Grocery_and_Gourmet_Food,1
ice tea,Grocery_and_Gourmet_Food,1
mint tea,Grocery_and_Gourmet_Food,1
loose leaf tea,Grocery_and_Gourmet_Food,1
herbal tea,Grocery_and_Gourmet_Food,1
chamomile tea,Grocery_and_Gourmet_Food,1
white tea,Grocery_and_Gourmet_Food,1
english breakfast tea,Grocery_and_Gourmet_Food,1
tasty tea,Grocery_and_Gourmet_Food,1
delicious tea,Grocery_and_Gourmet_Food,1
sweet tea,Grocery_and_Gourmet_Food,1
cup of tea,Grocery_and_Gourmet_Food,1
organic ingredients,Grocery_and_Gourmet_Food,1
flavored coffees,Grocery_and_Gourmet_Food,1
green apple,Grocery_and_Gourmet_Food,1
tea leaves,Grocery_and_Gourmet_Food,1
green beans,Grocery_and_Gourmet_Food,1
tea party,Grocery_and_Gourmet_Food,1
sunflower seeds,Grocery_and_Gourmet_Food,1
fresh tasting,Grocery_and_Gourmet_Food,1
fresh candy,Grocery_and_Gourmet_Food,1
green onions,Grocery_and_Gourmet_Food,1
business cards,Office_Products,1
place cards,Office_Products,1
time cards,Office_Products,1
note cards,Office_Products,1
business card holder,Office_Products,1
card case,Office_Products,1
credit cards,Office_Products,1
own cards,Office_Products,1
box of cards,Office_Products,1
set of cards,Office_Products,1
date stamp,Office_Products,1
credit card machine,Office_Products,1
sign holder,Office_Products,1
greeting cards,Office_Products,1
day card,Office_Products,1
card stock,Office_Products,1
new stamp,Office_Products,1
house key,Office_Products,1
bulletin board,Office_Products,1
big box,Office_Products,1
storage box,Office_Products,1
sturdy box,Office_Products,1
lead holder,Office_Products,1
unique gift,Office_Products,1
special gift,Office_Products,1
front porch,Patio_Lawn_and_Garden,1
back porch,Patio_Lawn_and_Garden,1
front yard,Patio_Lawn_and_Garden,1
front garden,Patio_Lawn_and_Garden,0
porch swing,Patio_Lawn_and_Garden,1
halloween decorations,Patio_Lawn_and_Garden,1
covered porch,Patio_Lawn_and_Garden,1
umbrella base,Patio_Lawn_and_Garden,1
christmas decorations,Patio_Lawn_and_Garden,1
down side,Patio_Lawn_and_Garden,1
left side,Patio_Lawn_and_Garden,1
back side,Patio_Lawn_and_Garden,1
kitchen floor,Patio_Lawn_and_Garden,1
local garden center,Patio_Lawn_and_Garden,0
side by side,Patio_Lawn_and_Garden,1
plants from seeds,Patio_Lawn_and_Garden,1
bottom line,Patio_Lawn_and_Garden,1
drop in replacement,Patio_Lawn_and_Garden,1
side burner,Patio_Lawn_and_Garden,1
little shorter,Patio_Lawn_and_Garden,1
extra parts,Patio_Lawn_and_Garden,1
side panels,Patio_Lawn_and_Garden,1
large area,Patio_Lawn_and_Garden,1
air plants,Patio_Lawn_and_Garden,1
past summer,Patio_Lawn_and_Garden,1
different sizes,Arts_Crafts_and_Sewing,1
variety of sizes,Arts_Crafts_and_Sewing,1
various sizes,Arts_Crafts_and_Sewing,1
multiple sizes,Arts_Crafts_and_Sewing,1
variety of projects,Arts_Crafts_and_Sewing,1
different projects,Arts_Crafts_and_Sewing,1
variety of ways,Arts_Crafts_and_Sewing,1
different ways,Arts_Crafts_and_Sewing,1
sturdy material,Arts_Crafts_and_Sewing,1
durable material,Arts_Crafts_and_Sewing,1
soft material,Arts_Crafts_and_Sewing,1
strong material,Arts_Crafts_and_Sewing,1
variety of colors,Arts_Crafts_and_Sewing,1
assorted colors,Arts_Crafts_and_Sewing,1
color variety,Arts_Crafts_and_Sewing,1
different colours,Arts_Crafts_and_Sewing,1
different color,Arts_Crafts_and_Sewing,1
different brand,Arts_Crafts_and_Sewing,1
kinds of things,Arts_Crafts_and_Sewing,1
variety pack,Arts_Crafts_and_Sewing,1
thin material,Arts_Crafts_and_Sewing,1
different designs,Arts_Crafts_and_Sewing,1
make sure,Arts_Crafts_and_Sewing,1
different fabrics,Arts_Crafts_and_Sewing,1
heavy material,Arts_Crafts_and_Sewing,1
right part,Automotive,1
part as described,Automotive,1
exact part,Automotive,1
same part number,Automotive,1
broken part,Automotive,1
defective part,Automotive,1
exact same part,Automotive,1
replacement part,Automotive,1
small part,Automotive,1
bottom part,Automotive,1
hard part,Automotive,1
only part,Automotive,1
actual part,Automotive,1
original part,Automotive,4
genuine part,Automotive,1
honda pilot,Automotive,1
incorrect part,Automotive,1
different part,Automotive,1
horse trailer,Automotive,1
same time,Automotive,1
first time,Automotive,1
car part,Automotive,1
couple times,Automotive,1
picture shows,Automotive,1
new part,Automotive,1
grocery stores,Grocery_and_Gourmet_Food,1
regular grocery store,Grocery_and_Gourmet_Food,1
local groceries,Grocery_and_Gourmet_Food,1
local grocery store,Grocery_and_Gourmet_Food,1
local grocers,Grocery_and_Gourmet_Food,1
local whole foods,Grocery_and_Gourmet_Food,1
local store,Grocery_and_Gourmet_Food,1
local bakery,Grocery_and_Gourmet_Food,1
local coffee shop,Grocery_and_Gourmet_Food,1
local supermarket,Grocery_and_Gourmet_Food,1
local asian store,Grocery_and_Gourmet_Food,1
local restaurant,Grocery_and_Gourmet_Food,1
fresh market,Grocery_and_Gourmet_Food,1
super fresh,Grocery_and_Gourmet_Food,1
amazon fresh,Grocery_and_Gourmet_Food,1
fresh herbs,Grocery_and_Gourmet_Food,1
fresh tomatoes,Grocery_and_Gourmet_Food,1
fresh tasting,Grocery_and_Gourmet_Food,1
corn nuts,Grocery_and_Gourmet_Food,1
servings per container,Grocery_and_Gourmet_Food,1
cooking time,Grocery_and_Gourmet_Food,1
gluten free bread,Grocery_and_Gourmet_Food,1
fresh candy,Grocery_and_Gourmet_Food,1
snack food,Grocery_and_Gourmet_Food,1
candy store,Grocery_and_Gourmet_Food,1
plenty of room,Office_Products,1
plenty of space,Office_Products,1
much room,Office_Products,1
phone number,Office_Products,1
small amount,Office_Products,1
plenty of time,Office_Products,1
amount of time,Office_Products,1
period of time,Office_Products,1
plenty of pages,Office_Products,1
number of times,Office_Products,1
amount of money,Office_Products,1
phone line,Office_Products,1
extra cost,Office_Products,1
right amount,Office_Products,1
number of years,Office_Products,1
quick delivery,Office_Products,1
number of pages,Office_Products,1
type of calendar,Office_Products,1
kind of pricey,Office_Products,1
tons of compliments,Office_Products,1
line of work,Office_Products,1
extra money,Office_Products,1
direct replacement,Office_Products,1
easy transaction,Office_Products,1
kind of money,Office_Products,1
vibrant colors,Patio_Lawn_and_Garden,1
vivid color,Patio_Lawn_and_Garden,1
bold colors,Patio_Lawn_and_Garden,1
rich colors,Patio_Lawn_and_Garden,1
fall colors,Patio_Lawn_and_Garden,1
different colors,Patio_Lawn_and_Garden,1
brilliant colors,Patio_Lawn_and_Garden,1
bright colors,Patio_Lawn_and_Garden,1
variety of colors,Patio_Lawn_and_Garden,1
gorgeous colors,Patio_Lawn_and_Garden,1
lovely colors,Patio_Lawn_and_Garden,1
yellow color,Patio_Lawn_and_Garden,1
dark brown,Patio_Lawn_and_Garden,1
dark blue,Patio_Lawn_and_Garden,1
brown color,Patio_Lawn_and_Garden,1
orange color,Patio_Lawn_and_Garden,1
darker color,Patio_Lawn_and_Garden,1
same color,Patio_Lawn_and_Garden,1
actual color,Patio_Lawn_and_Garden,1
true colors,Patio_Lawn_and_Garden,1
signs of wear,Patio_Lawn_and_Garden,1
long lasting,Patio_Lawn_and_Garden,1
deep end,Patio_Lawn_and_Garden,1
pop of color,Patio_Lawn_and_Garden,1
small patio,Patio_Lawn_and_Garden,1
heavy duty,Arts_Crafts_and_Sewing,1
big deal,Arts_Crafts_and_Sewing,1
large quantity,Arts_Crafts_and_Sewing,1
plenty of room,Arts_Crafts_and_Sewing,1
much room,Arts_Crafts_and_Sewing,1
enough room,Arts_Crafts_and_Sewing,1
big problem,Arts_Crafts_and_Sewing,1
phone case,Arts_Crafts_and_Sewing,1
last minute,Arts_Crafts_and_Sewing,1
large area,Arts_Crafts_and_Sewing,1
large project,Arts_Crafts_and_Sewing,1
heavy material,Arts_Crafts_and_Sewing,1
big plus,Arts_Crafts_and_Sewing,1
big difference,Arts_Crafts_and_Sewing,1
heavy use,Arts_Crafts_and_Sewing,1
big hit,Arts_Crafts_and_Sewing,1
large stamp,Arts_Crafts_and_Sewing,1
huge mess,Arts_Crafts_and_Sewing,1
big disappointment,Arts_Crafts_and_Sewing,1
fast arrival,Arts_Crafts_and_Sewing,1
big mistake,Arts_Crafts_and_Sewing,1
big fan,Arts_Crafts_and_Sewing,1
arrival date,Arts_Crafts_and_Sewing,1
sizzix big shot,Arts_Crafts_and_Sewing,1
big shot machine,Arts_Crafts_and_Sewing,1
exact replacement,Automotive,1
exact fit replacement,Automotive,2
exact oem replacement,Automotive,1
factory replacement,Automotive,1
direct fit replacement,Automotive,2
identical replacement,Automotive,1
replacement parts,Automotive,1
correct item,Automotive,1
correct product,Automotive,1
correct model,Automotive,1
quick delivery,Automotive,1
fast delivery,Automotive,1
super fast shipping,Automotive,1
reasonable cost,Automotive,1
correct parts,Automotive,1
timely manner,Automotive,1
correct fit,Automotive,2
correct size,Automotive,1
timely matter,Automotive,1
extra cost,Automotive,1
speed of delivery,Automotive,1
delivery time,Automotive,1
shipping cost,Automotive,1
accurate description,Automotive,1
value for money,Automotive,1
quick snack,Grocery_and_Gourmet_Food,1
delicious snack,Grocery_and_Gourmet_Food,1
healthy snack,Grocery_and_Gourmet_Food,1
satisfying snack,Grocery_and_Gourmet_Food,1
grocery stores,Grocery_and_Gourmet_Food,1
regular grocery store,Grocery_and_Gourmet_Food,1
local groceries,Grocery_and_Gourmet_Food,1
local grocery store,Grocery_and_Gourmet_Food,1
fresh garlic,Grocery_and_Gourmet_Food,1
fresh tomatoes,Grocery_and_Gourmet_Food,1
new flavor,Grocery_and_Gourmet_Food,1
servings per container,Grocery_and_Gourmet_Food,1
fresh herbs,Grocery_and_Gourmet_Food,1
whole foods,Grocery_and_Gourmet_Food,1
snack food,Grocery_and_Gourmet_Food,1
go snack,Grocery_and_Gourmet_Food,1
corn nuts,Grocery_and_Gourmet_Food,1
cooking time,Grocery_and_Gourmet_Food,1
fresh market,Grocery_and_Gourmet_Food,1
specialty stores,Grocery_and_Gourmet_Food,1
cooking needs,Grocery_and_Gourmet_Food,1
fresh candy,Grocery_and_Gourmet_Food,1
spicy foods,Grocery_and_Gourmet_Food,1
fresh product,Grocery_and_Gourmet_Food,1
snack size,Grocery_and_Gourmet_Food,1
black ink,Office_Products,1
blue ink,Office_Products,1
smooth ink,Office_Products,1
fountain pen ink,Office_Products,1
color ink,Office_Products,1
gel ink,Office_Products,1
little ink,Office_Products,1
much ink,Office_Products,1
enough ink,Office_Products,1
black color,Office_Products,1
black cartridge,Office_Products,4
black streaks,Office_Products,1
black marks,Office_Products,1
black lines,Office_Products,1
black pen,Office_Products,1
black background,Office_Products,1
colored pencils,Office_Products,1
gorgeous cards,Office_Products,1
black ones,Office_Products,1
little girl,Office_Products,1
baby girl,Office_Products,1
ink dries,Office_Products,1
black light,Office_Products,1
ink pad,Office_Products,1
gorgeous photos,Office_Products,1
front yard,Patio_Lawn_and_Garden,1
back yard,Patio_Lawn_and_Garden,1
local garden center,Patio_Lawn_and_Garden,0
front garden,Patio_Lawn_and_Garden,0
front porch,Patio_Lawn_and_Garden,1
yard work,Patio_Lawn_and_Garden,1
yard sign,Patio_Lawn_and_Garden,1
small yard,Patio_Lawn_and_Garden,1
large yard,Patio_Lawn_and_Garden,1
chicken coop,Patio_Lawn_and_Garden,1
down side,Patio_Lawn_and_Garden,1
whole yard,Patio_Lawn_and_Garden,1
drop in replacement,Patio_Lawn_and_Garden,1
bottom line,Patio_Lawn_and_Garden,1
yard flag,Patio_Lawn_and_Garden,1
little shorter,Patio_Lawn_and_Garden,1
side by side,Patio_Lawn_and_Garden,1
spare parts,Patio_Lawn_and_Garden,1
umbrella base,Patio_Lawn_and_Garden,1
back side,Patio_Lawn_and_Garden,1
protected area,Patio_Lawn_and_Garden,1
left side,Patio_Lawn_and_Garden,1
yard sale,Patio_Lawn_and_Garden,1
yard art,Patio_Lawn_and_Garden,1
extra parts,Patio_Lawn_and_Garden,1
sewing machine,Arts_Crafts_and_Sewing,1
brother machine,Arts_Crafts_and_Sewing,1
sizzix machine,Arts_Crafts_and_Sewing,1
embroidery machine,Arts_Crafts_and_Sewing,1
sewing kit,Arts_Crafts_and_Sewing,1
sewing box,Arts_Crafts_and_Sewing,1
detailed instructions,Arts_Crafts_and_Sewing,1
clear instructions,Arts_Crafts_and_Sewing,1
easy instructions,Arts_Crafts_and_Sewing,1
pattern instructions,Arts_Crafts_and_Sewing,1
assembly instructions,Arts_Crafts_and_Sewing,1
helpful tool,Arts_Crafts_and_Sewing,1
handy tool,Arts_Crafts_and_Sewing,1
useful tool,Arts_Crafts_and_Sewing,1
complete kit,Arts_Crafts_and_Sewing,1
little tool,Arts_Crafts_and_Sewing,1
user error,Arts_Crafts_and_Sewing,1
old machine,Arts_Crafts_and_Sewing,1
sewing project,Arts_Crafts_and_Sewing,1
sewing room,Arts_Crafts_and_Sewing,1
origami paper,Arts_Crafts_and_Sewing,1
tool box,Arts_Crafts_and_Sewing,1
crochet thread,Arts_Crafts_and_Sewing,1
crochet hook,Arts_Crafts_and_Sewing,1
scrapbooking pages,Arts_Crafts_and_Sewing,1
wrong size,Automotive,1
proper size,Automotive,1
actual size,Automotive,1
full size,Automotive,1
different size,Automotive,1
correct size,Automotive,1
small size,Automotive,1
large size,Automotive,1
next size,Automotive,1
fifth wheel,Automotive,1
spare tire,Automotive,1
tire size,Automotive,1
tire pressure,Automotive,1
cold air intake,Automotive,1
old carb,Automotive,1
front wheels,Automotive,1
matter of fact,Automotive,1
wheel drive,Automotive,1
new tires,Automotive,1
stock tires,Automotive,1
old pump,Automotive,1
im sure,Automotive,1
same time,Automotive,1
extra time,Automotive,1
end caps,Automotive,1
red velvet cake,Grocery_and_Gourmet_Food,1
ice cream cake,Grocery_and_Gourmet_Food,1
carrot cake,Grocery_and_Gourmet_Food,1
rich flavor,Grocery_and_Gourmet_Food,1
fantastic flavor,Grocery_and_Gourmet_Food,1
cheese flavor,Grocery_and_Gourmet_Food,1
bacon flavor,Grocery_and_Gourmet_Food,1
peanut butter flavor,Grocery_and_Gourmet_Food,1
bbq sauce,Grocery_and_Gourmet_Food,1
steak sauce,Grocery_and_Gourmet_Food,1
stir fry,Grocery_and_Gourmet_Food,1
stir fries,Grocery_and_Gourmet_Food,1
yum yum,Grocery_and_Gourmet_Food,1
little flavor,Grocery_and_Gourmet_Food,1
pie filling,Grocery_and_Gourmet_Food,1
tomato sauce,Grocery_and_Gourmet_Food,1
butter cookies,Grocery_and_Gourmet_Food,1
almond butter,Grocery_and_Gourmet_Food,1
spicy food,Grocery_and_Gourmet_Food,1
cake topper,Grocery_and_Gourmet_Food,1
balsamic vinegar,Grocery_and_Gourmet_Food,1
cake mixes,Grocery_and_Gourmet_Food,1
salad dressing,Grocery_and_Gourmet_Food,1
chicken noodle soup,Grocery_and_Gourmet_Food,1
tasty sauce,Grocery_and_Gourmet_Food,1
hp printer,Office_Products,1
hp officejet pro,Office_Products,1
hp ink,Office_Products,1
hp cartridges,Office_Products,1
original hp cartridge,Office_Products,4
ink jet printer,Office_Products,1
color printer,Office_Products,1
laser printer,Office_Products,1
printer paper,Office_Products,1
different printers,Office_Products,1
hp brand,Office_Products,1
label printer,Office_Products,1
photo printer,Office_Products,1
thermal printer,Office_Products,1
dymo printer,Office_Products,1
hp product,Office_Products,1
old printer,Office_Products,1
new printer,Office_Products,1
clear printing,Office_Products,1
dell printer,Office_Products,1
kodak printer,Office_Products,1
brother printer,Office_Products,1
cannon printer,Office_Products,1
ink cartridges,Office_Products,1
genuine hp,Office_Products,1
hot tub,Patio_Lawn_and_Garden,1
hot grill,Patio_Lawn_and_Garden,1
outdoor kitchen,Patio_Lawn_and_Garden,1
little tight,Patio_Lawn_and_Garden,1
tight fit,Patio_Lawn_and_Garden,2
black thumb,Patio_Lawn_and_Garden,1
green thumb,Patio_Lawn_and_Garden,1
hot peppers,Patio_Lawn_and_Garden,1
hot dogs,Patio_Lawn_and_Garden,1
hot summer,Patio_Lawn_and_Garden,1
hot days,Patio_Lawn_and_Garden,1
outdoor flag,Patio_Lawn_and_Garden,1
drain hole,Patio_Lawn_and_Garden,1
hot water,Patio_Lawn_and_Garden,1
screw holes,Patio_Lawn_and_Garden,1
outdoor mat,Patio_Lawn_and_Garden,1
tight spaces,Patio_Lawn_and_Garden,1
mini garden,Patio_Lawn_and_Garden,0
kitchen counter,Patio_Lawn_and_Garden,1
outdoor furniture,Patio_Lawn_and_Garden,1
outdoor decor,Patio_Lawn_and_Garden,1
hot sun,Patio_Lawn_and_Garden,1
bare feet,Patio_Lawn_and_Garden,1
gorgeous flag,Patio_Lawn_and_Garden,1
wet paper towel,Patio_Lawn_and_Garden,1
charm bracelet,Arts_Crafts_and_Sewing,1
pandora bracelet,Arts_Crafts_and_Sewing,1
wrap bracelets,Arts_Crafts_and_Sewing,1
pair of earrings,Arts_Crafts_and_Sewing,1
leather vest,Arts_Crafts_and_Sewing,1
motorcycle vest,Arts_Crafts_and_Sewing,1
little charms,Arts_Crafts_and_Sewing,1
small charms,Arts_Crafts_and_Sewing,1
jean jacket,Arts_Crafts_and_Sewing,1
lovely fabric,Arts_Crafts_and_Sewing,1
gorgeous fabric,Arts_Crafts_and_Sewing,1
christmas decoration,Arts_Crafts_and_Sewing,1
pearl necklace,Arts_Crafts_and_Sewing,1
gorgeous necklace,Arts_Crafts_and_Sewing,1
shiny silver,Arts_Crafts_and_Sewing,1
handmade jewelry,Arts_Crafts_and_Sewing,1
jewelry pieces,Arts_Crafts_and_Sewing,1
jewelry store,Arts_Crafts_and_Sewing,1
fabric store,Arts_Crafts_and_Sewing,1
jewelry look,Arts_Crafts_and_Sewing,1
bead work,Arts_Crafts_and_Sewing,1
swarovski beads,Arts_Crafts_and_Sewing,1
cheap fabric,Arts_Crafts_and_Sewing,1
baby sweater,Arts_Crafts_and_Sewing,1
brooch bouquet,Arts_Crafts_and_Sewing,1
direct fit,Automotive,2
proper fit,Automotive,2
custom fit,Automotive,2
fit right,Automotive,2
fit well,Automotive,2
fit fine,Automotive,3
only brand,Automotive,1
factory replacement,Automotive,1
exact fit replacement,Automotive,2
fit like factory,Automotive,2
direct replacement,Automotive,1
super duty,Automotive,1
original pump,Automotive,4
full refund,Automotive,1
full price,Automotive,1
plenty of room,Automotive,1
factory specs,Automotive,1
different brand,Automotive,1
original parts,Automotive,4
fit vehicle,Automotive,2
full set,Automotive,1
phone number,Automotive,1
parking lot,Automotive,1
poor fit,Automotive,2
original key,Automotive,4
yummy stuff,Grocery_and_Gourmet_Food,1
yummy cookies,Grocery_and_Gourmet_Food,1
yummy snack,Grocery_and_Gourmet_Food,1
yummy candy,Grocery_and_Gourmet_Food,1
too salty,Grocery_and_Gourmet_Food,1
little salty,Grocery_and_Gourmet_Food,1
overly sweet,Grocery_and_Gourmet_Food,1
sickly sweet,Grocery_and_Gourmet_Food,1
super yummy,Grocery_and_Gourmet_Food,1
yummy yummy,Grocery_and_Gourmet_Food,1
ice packs,Grocery_and_Gourmet_Food,1
ice cubes,Grocery_and_Gourmet_Food,1
ice cream,Grocery_and_Gourmet_Food,1
rich flavor,Grocery_and_Gourmet_Food,1
vanilla extract,Grocery_and_Gourmet_Food,1
cream cheese,Grocery_and_Gourmet_Food,1
sweet potatoes,Grocery_and_Gourmet_Food,1
creme brulee,Grocery_and_Gourmet_Food,1
caramel corn,Grocery_and_Gourmet_Food,1
brown rice,Grocery_and_Gourmet_Food,1
smooth taste,Grocery_and_Gourmet_Food,1
grainy texture,Grocery_and_Gourmet_Food,1
heavy cream,Grocery_and_Gourmet_Food,1
sweet treat,Grocery_and_Gourmet_Food,1
smooth coffee,Grocery_and_Gourmet_Food,1
fountain pen,Office_Products,1
reading glasses,Office_Products,1
print heads,Office_Products,1
pencil cup,Office_Products,1
packing tape,Office_Products,1
paper jam,Office_Products,1
sheets of paper,Office_Products,1
ream of paper,Office_Products,1
sticky tape,Office_Products,1
heavy paper,Office_Products,1
thick paper,Office_Products,1
paper tray,Office_Products,1
hard cover,Office_Products,1
black pen,Office_Products,1
red pen,Office_Products,1
pen looks,Office_Products,1
fun pen,Office_Products,1
different pen,Office_Products,1
fantastic pen,Office_Products,1
print outs,Office_Products,1
tape dispenser,Office_Products,1
pencil sharpeners,Office_Products,1
fine print,Office_Products,3
small print,Office_Products,1
sheet protectors,Office_Products,1
wrong size,Patio_Lawn_and_Garden,1
correct size,Patio_Lawn_and_Garden,1
length of time,Patio_Lawn_and_Garden,1
small size,Patio_Lawn_and_Garden,1
decent size,Patio_Lawn_and_Garden,1
proper size,Patio_Lawn_and_Garden,1
large size,Patio_Lawn_and_Garden,1
different size,Patio_Lawn_and_Garden,1
actual size,Patio_Lawn_and_Garden,1
next size,Patio_Lawn_and_Garden,1
old carb,Patio_Lawn_and_Garden,1
front wheels,Patio_Lawn_and_Garden,1
full size,Patio_Lawn_and_Garden,1
little light weight,Patio_Lawn_and_Garden,1
matter of fact,Patio_Lawn_and_Garden,1
old pump,Patio_Lawn_and_Garden,1
same time,Patio_Lawn_and_Garden,1
right amount,Patio_Lawn_and_Garden,1
plenty of time,Patio_Lawn_and_Garden,1
back side,Patio_Lawn_and_Garden,1
exact same thing,Patio_Lawn_and_Garden,1
much difference,Patio_Lawn_and_Garden,1
hard time,Patio_Lawn_and_Garden,1
couple times,Patio_Lawn_and_Garden,1
did not germinate,Patio_Lawn_and_Garden,1
baby shower,Arts_Crafts_and_Sewing,1
baby boy,Arts_Crafts_and_Sewing,1
little boy,Arts_Crafts_and_Sewing,1
little guys,Arts_Crafts_and_Sewing,1
hello kitty,Arts_Crafts_and_Sewing,1
baby girl,Arts_Crafts_and_Sewing,1
little girls,Arts_Crafts_and_Sewing,1
young lady,Arts_Crafts_and_Sewing,1
baby pink,Arts_Crafts_and_Sewing,1
baby blue,Arts_Crafts_and_Sewing,1
thanks guys,Arts_Crafts_and_Sewing,1
baby blanket,Arts_Crafts_and_Sewing,1
rip off,Arts_Crafts_and_Sewing,1
love em,Arts_Crafts_and_Sewing,1
little bent,Arts_Crafts_and_Sewing,1
little rough,Arts_Crafts_and_Sewing,1
hole punch,Arts_Crafts_and_Sewing,1
teddy bears,Arts_Crafts_and_Sewing,1
cool stuff,Arts_Crafts_and_Sewing,1
little holes,Arts_Crafts_and_Sewing,1
baby sweater,Arts_Crafts_and_Sewing,1
baby clothes,Arts_Crafts_and_Sewing,1
cant wait,Arts_Crafts_and_Sewing,1
didnt work,Arts_Crafts_and_Sewing,1
looks cool,Arts_Crafts_and_Sewing,1
license plate,Automotive,1
direct bolt,Automotive,1
new bolts,Automotive,1
led lights,Automotive,1
fog lights,Automotive,1
reverse lights,Automotive,1
stock lights,Automotive,1
back window,Automotive,1
rear window,Automotive,1
easy assembly,Automotive,1
replacement mirror,Automotive,1
broken mirror,Automotive,1
strong magnet,Automotive,1
return window,Automotive,1
backing plate,Automotive,1
pressure plate,Automotive,1
light output,Automotive,1
lights work,Automotive,1
mounting hardware,Automotive,1
skid plate,Automotive,1
motor mount,Automotive,1
little light,Automotive,1
door frame,Automotive,1
truck window,Automotive,1
master cylinder,Automotive,1
much flavor,Grocery_and_Gourmet_Food,1
subtle flavor,Grocery_and_Gourmet_Food,1
little flavor,Grocery_and_Gourmet_Food,1
enough flavor,Grocery_and_Gourmet_Food,1
fantastic flavor,Grocery_and_Gourmet_Food,1
rich flavor,Grocery_and_Gourmet_Food,1
hot sauce,Grocery_and_Gourmet_Food,1
hot peppers,Grocery_and_Gourmet_Food,1
hot food,Grocery_and_Gourmet_Food,1
spicy food,Grocery_and_Gourmet_Food,1
peanut butter flavor,Grocery_and_Gourmet_Food,1
orange flavor,Grocery_and_Gourmet_Food,1
chocolate flavor,Grocery_and_Gourmet_Food,1
gf pasta,Grocery_and_Gourmet_Food,1
hot chocolate,Grocery_and_Gourmet_Food,1
ice cream cake,Grocery_and_Gourmet_Food,1
pie filling,Grocery_and_Gourmet_Food,1
butter cookies,Grocery_and_Gourmet_Food,1
black pepper,Grocery_and_Gourmet_Food,1
yum yum,Grocery_and_Gourmet_Food,1
chocolate lover,Grocery_and_Gourmet_Food,1
tasty sauce,Grocery_and_Gourmet_Food,1
red hots,Grocery_and_Gourmet_Food,1
hot cereal,Grocery_and_Gourmet_Food,1
stir fry,Grocery_and_Gourmet_Food,1
home office,Office_Products,1
new office,Office_Products,1
small office,Office_Products,1
law office,Office_Products,1
home business,Office_Products,1
office supplies,Office_Products,1
new home,Office_Products,1
nursing home,Office_Products,1
medical office,Office_Products,1
home use,Office_Products,1
office depot,Office_Products,1
office supply stores,Office_Products,1
office max,Office_Products,1
desk at home,Office_Products,1
home depot,Office_Products,1
home computer,Office_Products,1
office use,Office_Products,1
office needs,Office_Products,1
office setting,Office_Products,1
office space,Office_Products,1
office desk,Office_Products,1
track of appointments,Office_Products,1
office door,Office_Products,1
home printer,Office_Products,1
post office,Office_Products,1
home depot,Patio_Lawn_and_Garden,1
retail store,Patio_Lawn_and_Garden,1
dollar store,Patio_Lawn_and_Garden,1
big box store,Patio_Lawn_and_Garden,1
hardware store,Patio_Lawn_and_Garden,1
repair shop,Patio_Lawn_and_Garden,1
new home,Patio_Lawn_and_Garden,1
real bargain,Patio_Lawn_and_Garden,1
free shipping,Patio_Lawn_and_Garden,1
home use,Patio_Lawn_and_Garden,1
home decor,Patio_Lawn_and_Garden,1
time of purchase,Patio_Lawn_and_Garden,1
discount in exchange,Patio_Lawn_and_Garden,1
cheap price,Patio_Lawn_and_Garden,1
second purchase,Patio_Lawn_and_Garden,1
golf cart,Patio_Lawn_and_Garden,1
local store,Patio_Lawn_and_Garden,1
check valve,Patio_Lawn_and_Garden,1
kind of cheap,Patio_Lawn_and_Garden,1
worth buying,Patio_Lawn_and_Garden,1
garage sale,Patio_Lawn_and_Garden,1
return shipping,Patio_Lawn_and_Garden,1
cheap flag,Patio_Lawn_and_Garden,1
delivery date,Patio_Lawn_and_Garden,1
beach house,Patio_Lawn_and_Garden,1
same size,Arts_Crafts_and_Sewing,1
actual size,Arts_Crafts_and_Sewing,1
different size,Arts_Crafts_and_Sewing,1
correct size,Arts_Crafts_and_Sewing,1
small size,Arts_Crafts_and_Sewing,1
decent size,Arts_Crafts_and_Sewing,1
large size,Arts_Crafts_and_Sewing,1
full size,Arts_Crafts_and_Sewing,1
next size,Arts_Crafts_and_Sewing,1
length of time,Arts_Crafts_and_Sewing,1
uniform size,Arts_Crafts_and_Sewing,1
uniform in size,Arts_Crafts_and_Sewing,1
size description,Arts_Crafts_and_Sewing,1
hole size,Arts_Crafts_and_Sewing,1
inches in length,Arts_Crafts_and_Sewing,1
matter of fact,Arts_Crafts_and_Sewing,1
straight line,Arts_Crafts_and_Sewing,1
same time,Arts_Crafts_and_Sewing,1
right amount,Arts_Crafts_and_Sewing,1
plenty of time,Arts_Crafts_and_Sewing,1
end caps,Arts_Crafts_and_Sewing,1
paper weight,Arts_Crafts_and_Sewing,1
back side,Arts_Crafts_and_Sewing,1
sorts of things,Arts_Crafts_and_Sewing,1
hard time,Arts_Crafts_and_Sewing,1
new car,Automotive,1
cheap price,Automotive,1
cheap replacement,Automotive,1
cheap material,Automotive,1
cheap product,Automotive,1
cheap feeling,Automotive,1
cheap junk,Automotive,1
super cheap,Automotive,1
kind of cheap,Automotive,1
dealer price,Automotive,1
dealer cost,Automotive,1
new pump,Automotive,1
car key,Automotive,1
free shipping,Automotive,1
car parts,Automotive,1
fit car,Automotive,2
first car,Automotive,1
car battery,Automotive,1
car look,Automotive,1
car clean,Automotive,1
year old car,Automotive,1
new look,Automotive,1
car drives,Automotive,1
expensive brands,Automotive,1
honda dealer,Automotive,1
birthday party,Grocery_and_Gourmet_Food,1
happy birthday,Grocery_and_Gourmet_Food,1
thank u,Grocery_and_Gourmet_Food,1
thanks amazon,Grocery_and_Gourmet_Food,1
first birthday,Grocery_and_Gourmet_Food,1
hello kitty,Grocery_and_Gourmet_Food,1
dear friend,Grocery_and_Gourmet_Food,1
birthday present,Grocery_and_Gourmet_Food,1
birthday gift,Grocery_and_Gourmet_Food,1
fine grind,Grocery_and_Gourmet_Food,3
taste ok,Grocery_and_Gourmet_Food,1
first place,Grocery_and_Gourmet_Food,1
wee bit,Grocery_and_Gourmet_Food,1
ok product,Grocery_and_Gourmet_Food,1
brother in law,Grocery_and_Gourmet_Food,1
birthday girl,Grocery_and_Gourmet_Food,1
cant wait,Grocery_and_Gourmet_Food,1
birthday cupcakes,Grocery_and_Gourmet_Food,1
only place,Grocery_and_Gourmet_Food,1
little guys,Grocery_and_Gourmet_Food,1
party favor,Grocery_and_Gourmet_Food,1
same name,Grocery_and_Gourmet_Food,1
right mind,Grocery_and_Gourmet_Food,1
love em,Grocery_and_Gourmet_Food,1
whole thing,Grocery_and_Gourmet_Food,1
different colors,Office_Products,1
assorted colors,Office_Products,1
variety of colors,Office_Products,1
various colors,Office_Products,1
multiple colors,Office_Products,1
yellow color,Office_Products,1
vibrant colors,Office_Products,1
bright colors,Office_Products,1
true colors,Office_Products,1
bold colors,Office_Products,1
fun colors,Office_Products,1
rich colors,Office_Products,1
colored pencils,Office_Products,1
signs of wear,Office_Products,1
yellow cartridge,Office_Products,4
different printers,Office_Products,1
polka dots,Office_Products,1
different pen,Office_Products,1
shirt pocket,Office_Products,1
durable material,Office_Products,1
color choices,Office_Products,1
color selection,Office_Products,1
different designs,Office_Products,1
actual color,Office_Products,1
different ways,Office_Products,1
flag pole,Patio_Lawn_and_Garden,1
umbrella pole,Patio_Lawn_and_Garden,1
bay window,Patio_Lawn_and_Garden,1
kitchen window,Patio_Lawn_and_Garden,1
time frame,Patio_Lawn_and_Garden,1
light fixture,Patio_Lawn_and_Garden,1
light blue,Patio_Lawn_and_Garden,1
little light,Patio_Lawn_and_Garden,1
led lights,Patio_Lawn_and_Garden,1
uv light,Patio_Lawn_and_Garden,1
window sill,Patio_Lawn_and_Garden,1
american flag,Patio_Lawn_and_Garden,1
usa flag,Patio_Lawn_and_Garden,1
mounting hardware,Patio_Lawn_and_Garden,1
light weight,Patio_Lawn_and_Garden,1
degree angle,Patio_Lawn_and_Garden,1
easy assembly,Patio_Lawn_and_Garden,1
window box,Patio_Lawn_and_Garden,1
light bulb,Patio_Lawn_and_Garden,1
flag material,Patio_Lawn_and_Garden,1
wall hanging,Patio_Lawn_and_Garden,1
light duty,Patio_Lawn_and_Garden,1
inside diameter,Patio_Lawn_and_Garden,1
new bolts,Patio_Lawn_and_Garden,1
light use,Patio_Lawn_and_Garden,1
baby blanket,Arts_Crafts_and_Sewing,1
tie blanket,Arts_Crafts_and_Sewing,1
baby quilt,Arts_Crafts_and_Sewing,1
baby boy,Arts_Crafts_and_Sewing,1
baby girl,Arts_Crafts_and_Sewing,1
little boy,Arts_Crafts_and_Sewing,1
new baby,Arts_Crafts_and_Sewing,1
little guys,Arts_Crafts_and_Sewing,1
baby sweater,Arts_Crafts_and_Sewing,1
baby clothes,Arts_Crafts_and_Sewing,1
baby shower,Arts_Crafts_and_Sewing,1
cotton thread,Arts_Crafts_and_Sewing,1
cotton yarn,Arts_Crafts_and_Sewing,1
baby pink,Arts_Crafts_and_Sewing,1
baby blue,Arts_Crafts_and_Sewing,1
hello kitty,Arts_Crafts_and_Sewing,1
cotton fabric,Arts_Crafts_and_Sewing,1
teddy bears,Arts_Crafts_and_Sewing,1
wooden handle,Arts_Crafts_and_Sewing,1
baby items,Arts_Crafts_and_Sewing,1
wooden needles,Arts_Crafts_and_Sewing,1
baby gift,Arts_Crafts_and_Sewing,1
wooden box,Arts_Crafts_and_Sewing,1
wooden frame,Arts_Crafts_and_Sewing,1
little rough,Arts_Crafts_and_Sewing,1
dodge ram,Automotive,1
dodge avenger,Automotive,1
dodge charger,Automotive,1
dodge dakota,Automotive,1
dodge stratus,Automotive,1
dodge challenger,Automotive,1
dodge durango,Automotive,1
dodge truck,Automotive,1
dodge journey,Automotive,1
dodge neon,Automotive,1
dodge magnum,Automotive,1
dodge caravan,Automotive,1
dodge grand caravan,Automotive,1
socket wrench,Automotive,1
much cooler,Automotive,1
oil cooler,Automotive,1
thermostat housing,Automotive,1
car cooler,Automotive,1
maf sensor,Automotive,1
center console,Automotive,1
mitsubishi eclipse,Automotive,1
quad cab,Automotive,1
ford explorer,Automotive,1
cabin filter,Automotive,1
backup lights,Automotive,1
tea bags,Grocery_and_Gourmet_Food,1
lunch bag,Grocery_and_Gourmet_Food,1
small bag,Grocery_and_Gourmet_Food,1
individual bags,Grocery_and_Gourmet_Food,1
ziplock bag,Grocery_and_Gourmet_Food,1
bag of candy,Grocery_and_Gourmet_Food,1
goodie bags,Grocery_and_Gourmet_Food,1
iced tea,Grocery_and_Gourmet_Food,1
ice tea,Grocery_and_Gourmet_Food,1
chamomile tea,Grocery_and_Gourmet_Food,1
loose tea,Grocery_and_Gourmet_Food,1
herbal tea,Grocery_and_Gourmet_Food,1
strong tea,Grocery_and_Gourmet_Food,1
green tea,Grocery_and_Gourmet_Food,1
milk tea,Grocery_and_Gourmet_Food,1
bubble tea,Grocery_and_Gourmet_Food,1
chai tea,Grocery_and_Gourmet_Food,1
morning tea,Grocery_and_Gourmet_Food,1
only tea,Grocery_and_Gourmet_Food,1
tea party,Grocery_and_Gourmet_Food,1
fantastic tea,Grocery_and_Gourmet_Food,1
delicious tea,Grocery_and_Gourmet_Food,1
tasty tea,Grocery_and_Gourmet_Food,1
tea lovers,Grocery_and_Gourmet_Food,1
tea for years,Grocery_and_Gourmet_Food,1
desk at work,Office_Products,1
work desk,Office_Products,1
desk at home,Office_Products,1
office desk,Office_Products,1
computer desk,Office_Products,1
office at work,Office_Products,1
cubicle at work,Office_Products,1
desk pad,Office_Products,1
desk top,Office_Products,1
day at work,Office_Products,1
use at work,Office_Products,1
badge at work,Office_Products,1
small desk,Office_Products,1
wall at work,Office_Products,1
new desk,Office_Products,1
lap desk,Office_Products,1
desk calendar,Office_Products,1
hard time,Office_Products,1
classy look,Office_Products,1
desk drawer,Office_Products,1
desk chair,Office_Products,1
stick well,Office_Products,1
small office,Office_Products,1
little heavier,Office_Products,1
work keys,Office_Products,1
right part,Patio_Lawn_and_Garden,1
correct part,Patio_Lawn_and_Garden,1
genuine part,Patio_Lawn_and_Garden,1
original part,Patio_Lawn_and_Garden,4
bottom part,Patio_Lawn_and_Garden,1
broken part,Patio_Lawn_and_Garden,1
small part,Patio_Lawn_and_Garden,1
replacement part,Patio_Lawn_and_Garden,1
new part,Patio_Lawn_and_Garden,1
top part,Patio_Lawn_and_Garden,1
whole season,Patio_Lawn_and_Garden,1
entire season,Patio_Lawn_and_Garden,1
first season,Patio_Lawn_and_Garden,1
next season,Patio_Lawn_and_Garden,1
fall season,Patio_Lawn_and_Garden,1
same part number,Patio_Lawn_and_Garden,1
hard part,Patio_Lawn_and_Garden,1
only part,Patio_Lawn_and_Garden,1
important part,Patio_Lawn_and_Garden,1
same time,Patio_Lawn_and_Garden,1
first time,Patio_Lawn_and_Garden,1
couple times,Patio_Lawn_and_Garden,1
picture shows,Patio_Lawn_and_Garden,1
little bit,Patio_Lawn_and_Garden,1
whole thing,Patio_Lawn_and_Garden,1
cross stitch,Arts_Crafts_and_Sewing,1
wooden frame,Arts_Crafts_and_Sewing,1
picture frame,Arts_Crafts_and_Sewing,1
little light,Arts_Crafts_and_Sewing,1
black light,Arts_Crafts_and_Sewing,1
spacer beads,Arts_Crafts_and_Sewing,1
leather vest,Arts_Crafts_and_Sewing,1
circular needle,Arts_Crafts_and_Sewing,1
time frame,Arts_Crafts_and_Sewing,1
smooth surface,Arts_Crafts_and_Sewing,1
hard surface,Arts_Crafts_and_Sewing,1
flat surface,Arts_Crafts_and_Sewing,1
light hits,Arts_Crafts_and_Sewing,1
light pink,Arts_Crafts_and_Sewing,1
light blue,Arts_Crafts_and_Sewing,1
light color,Arts_Crafts_and_Sewing,1
light purple,Arts_Crafts_and_Sewing,1
thin fabric,Arts_Crafts_and_Sewing,1
different shades,Arts_Crafts_and_Sewing,1
assembly instructions,Arts_Crafts_and_Sewing,1
light weight,Arts_Crafts_and_Sewing,1
uv light,Arts_Crafts_and_Sewing,1
wall hanging,Arts_Crafts_and_Sewing,1
dark grey,Arts_Crafts_and_Sewing,1
car window,Arts_Crafts_and_Sewing,1
direct replacement,Automotive,1
direct fit replacement,Automotive,2
direct oem replacement,Automotive,1
replacement parts,Automotive,1
only option,Automotive,1
phone number,Automotive,1
extra cost,Automotive,1
shipping cost,Automotive,1
reasonable cost,Automotive,1
dealer cost,Automotive,1
full charge,Automotive,1
phone case,Automotive,1
delivery date,Automotive,1
value for money,Automotive,1
new battery,Automotive,1
car battery,Automotive,1
plenty of room,Automotive,1
parking lot,Automotive,1
minute job,Automotive,1
speed of delivery,Automotive,1
delivery time,Automotive,1
super duty,Automotive,1
quick delivery,Automotive,1
prompt delivery,Automotive,1
only drawback,Automotive,1
much flavor,Grocery_and_Gourmet_Food,1
little flavor,Grocery_and_Gourmet_Food,1
weak flavor,Grocery_and_Gourmet_Food,1
unique flavor,Grocery_and_Gourmet_Food,1
decent flavor,Grocery_and_Gourmet_Food,1
enough flavor,Grocery_and_Gourmet_Food,1
lack of flavor,Grocery_and_Gourmet_Food,1
peanut butter flavor,Grocery_and_Gourmet_Food,1
bitter flavor,Grocery_and_Gourmet_Food,1
fantastic flavor,Grocery_and_Gourmet_Food,1
particular flavor,Grocery_and_Gourmet_Food,1
only flavor,Grocery_and_Gourmet_Food,1
extra flavor,Grocery_and_Gourmet_Food,1
orange flavor,Grocery_and_Gourmet_Food,1
strong flavor,Grocery_and_Gourmet_Food,1
yum yum,Grocery_and_Gourmet_Food,1
cake pops,Grocery_and_Gourmet_Food,1
much salt,Grocery_and_Gourmet_Food,1
whole wheat pasta,Grocery_and_Gourmet_Food,1
spicy food,Grocery_and_Gourmet_Food,1
bbq sauce,Grocery_and_Gourmet_Food,1
steak sauce,Grocery_and_Gourmet_Food,1
tomato sauce,Grocery_and_Gourmet_Food,1
round cake,Grocery_and_Gourmet_Food,1
birthday cake,Grocery_and_Gourmet_Food,1
works fine,Office_Products,3
works well,Office_Products,1
works as described,Office_Products,1
product works,Office_Products,1
work fine,Office_Products,3
fine product,Office_Products,3
worked fine,Office_Products,3
work of art,Office_Products,1
art work,Office_Products,1
piece of art,Office_Products,1
art projects,Office_Products,1
writing instrument,Office_Products,1
tv works,Office_Products,1
fine point,Office_Products,3
art supplies,Office_Products,1
different designs,Office_Products,1
same place,Office_Products,1
extra fine,Office_Products,3
various colors,Office_Products,1
same model,Office_Products,1
fine lines,Office_Products,3
instruction manual,Office_Products,1
party favor,Office_Products,1
fine print,Office_Products,3
fine tip,Office_Products,3
fire pit,Patio_Lawn_and_Garden,1
fire bowl,Patio_Lawn_and_Garden,1
fire table,Patio_Lawn_and_Garden,1
man cave,Patio_Lawn_and_Garden,1
year old son,Patio_Lawn_and_Garden,1
young children,Patio_Lawn_and_Garden,1
fire ring,Patio_Lawn_and_Garden,1
fire ants,Patio_Lawn_and_Garden,1
dead seeds,Patio_Lawn_and_Garden,1
son for christmas,Patio_Lawn_and_Garden,1
grand daughter,Patio_Lawn_and_Garden,1
daughter in law,Patio_Lawn_and_Garden,1
back yard,Patio_Lawn_and_Garden,1
large yard,Patio_Lawn_and_Garden,1
whole yard,Patio_Lawn_and_Garden,1
year after year,Patio_Lawn_and_Garden,1
fire glass,Patio_Lawn_and_Garden,1
fence posts,Patio_Lawn_and_Garden,1
weed killer,Patio_Lawn_and_Garden,1
acre pond,Patio_Lawn_and_Garden,1
blue birds,Patio_Lawn_and_Garden,1
foot rest,Patio_Lawn_and_Garden,1
big hit,Patio_Lawn_and_Garden,1
yard flag,Patio_Lawn_and_Garden,1
wild birds,Patio_Lawn_and_Garden,1
same color,Arts_Crafts_and_Sewing,1
particular color,Arts_Crafts_and_Sewing,1
different color,Arts_Crafts_and_Sewing,1
little color,Arts_Crafts_and_Sewing,1
true color,Arts_Crafts_and_Sewing,1
actual color,Arts_Crafts_and_Sewing,1
exact color,Arts_Crafts_and_Sewing,1
color choices,Arts_Crafts_and_Sewing,1
color selection,Arts_Crafts_and_Sewing,1
fantastic color,Arts_Crafts_and_Sewing,1
brilliant color,Arts_Crafts_and_Sewing,1
vibrant color,Arts_Crafts_and_Sewing,1
darker color,Arts_Crafts_and_Sewing,1
same yarn,Arts_Crafts_and_Sewing,1
yellow color,Arts_Crafts_and_Sewing,1
same dye lot,Arts_Crafts_and_Sewing,1
matte finish,Arts_Crafts_and_Sewing,1
pop of color,Arts_Crafts_and_Sewing,1
type of yarn,Arts_Crafts_and_Sewing,1
color matches,Arts_Crafts_and_Sewing,1
color wheel,Arts_Crafts_and_Sewing,1
color combo,Arts_Crafts_and_Sewing,1
color change,Arts_Crafts_and_Sewing,1
water color,Arts_Crafts_and_Sewing,1
much ink,Arts_Crafts_and_Sewing,1
exact match,Automotive,1
close match,Automotive,1
exact color match,Automotive,1
accurate description,Automotive,1
timing belt,Automotive,1
timely matter,Automotive,1
timely manner,Automotive,1
timely fashion,Automotive,1
correct model,Automotive,1
correct parts,Automotive,1
correct item,Automotive,1
correct part number,Automotive,1
exact replacements,Automotive,1
exact fit,Automotive,2
correct size,Automotive,1
gauge wire,Automotive,1
exact replica,Automotive,1
correct ones,Automotive,1
timely delivery,Automotive,1
exact same thing,Automotive,1
correct filter,Automotive,1
exact same part,Automotive,1
exact part,Automotive,1
exact replacement part,Automotive,1
detailed instructions,Automotive,1
trader joe,Grocery_and_Gourmet_Food,1
old stock,Grocery_and_Gourmet_Food,1
fair trade,Grocery_and_Gourmet_Food,1
swiss miss,Grocery_and_Gourmet_Food,1
maxwell house,Grocery_and_Gourmet_Food,1
gloria jean,Grocery_and_Gourmet_Food,1
gary peterson,Grocery_and_Gourmet_Food,1
local market,Grocery_and_Gourmet_Food,1
local asian market,Grocery_and_Gourmet_Food,1
local super market,Grocery_and_Gourmet_Food,1
local walmart,Grocery_and_Gourmet_Food,1
local stores,Grocery_and_Gourmet_Food,1
chicken stock,Grocery_and_Gourmet_Food,1
bloody mary,Grocery_and_Gourmet_Food,1
new mexico,Grocery_and_Gourmet_Food,1
acquired taste,Grocery_and_Gourmet_Food,1
dollar tree,Grocery_and_Gourmet_Food,1
market today,Grocery_and_Gourmet_Food,1
discount in exchange,Grocery_and_Gourmet_Food,1
old bay,Grocery_and_Gourmet_Food,1
new ones,Grocery_and_Gourmet_Food,1
betty crocker,Grocery_and_Gourmet_Food,1
general mills,Grocery_and_Gourmet_Food,1
happy camper,Grocery_and_Gourmet_Food,1
christmas party,Grocery_and_Gourmet_Food,1
work fine,Office_Products,3
works fine,Office_Products,3
worked fine,Office_Products,3
please note,Office_Products,1
side note,Office_Products,1
fine point,Office_Products,3
party favor,Office_Products,1
same place,Office_Products,1
only suggestion,Office_Products,1
note taking,Office_Products,1
quick reference,Office_Products,1
extra fine,Office_Products,3
accurate description,Office_Products,1
first place,Office_Products,1
personal note,Office_Products,1
only place,Office_Products,1
partial refund,Office_Products,1
description states,Office_Products,1
particular model,Office_Products,1
fine print,Office_Products,3
price point,Office_Products,1
sticky note,Office_Products,1
honest review,Office_Products,1
purpose well,Office_Products,1
fine line,Office_Products,3
single seed,Patio_Lawn_and_Garden,1
old seed,Patio_Lawn_and_Garden,1
grass seed,Patio_Lawn_and_Garden,1
bird seed,Patio_Lawn_and_Garden,1
germination rate,Patio_Lawn_and_Garden,1
percent germination,Patio_Lawn_and_Garden,1
single plant,Patio_Lawn_and_Garden,1
single flower,Patio_Lawn_and_Garden,1
single sprout,Patio_Lawn_and_Garden,1
air plant,Patio_Lawn_and_Garden,1
poor germination,Patio_Lawn_and_Garden,1
fast germination,Patio_Lawn_and_Garden,1
seed pack,Patio_Lawn_and_Garden,1
seed germinate,Patio_Lawn_and_Garden,1
overall look,Patio_Lawn_and_Garden,1
total junk,Patio_Lawn_and_Garden,1
total waste,Patio_Lawn_and_Garden,1
degree weather,Patio_Lawn_and_Garden,1
seed tray,Patio_Lawn_and_Garden,1
seed pods,Patio_Lawn_and_Garden,1
total rip,Patio_Lawn_and_Garden,1
top half,Patio_Lawn_and_Garden,1
mowing season,Patio_Lawn_and_Garden,1
end of summer,Patio_Lawn_and_Garden,1
first rate,Patio_Lawn_and_Garden,1
craft store,Arts_Crafts_and_Sewing,1
crafts store,Arts_Crafts_and_Sewing,1
craft item,Arts_Crafts_and_Sewing,1
craft supplies,Arts_Crafts_and_Sewing,1
craft needs,Arts_Crafts_and_Sewing,1
craft room,Arts_Crafts_and_Sewing,1
homemade cards,Arts_Crafts_and_Sewing,1
craft fair,Arts_Crafts_and_Sewing,1
real bargain,Arts_Crafts_and_Sewing,1
affordable price,Arts_Crafts_and_Sewing,1
easy purchase,Arts_Crafts_and_Sewing,1
outdoor cushions,Arts_Crafts_and_Sewing,1
quilt shop,Arts_Crafts_and_Sewing,1
fabric store,Arts_Crafts_and_Sewing,1
craft project,Arts_Crafts_and_Sewing,1
outdoor use,Arts_Crafts_and_Sewing,1
jewelry store,Arts_Crafts_and_Sewing,1
etsy shop,Arts_Crafts_and_Sewing,1
picture online,Arts_Crafts_and_Sewing,1
free shipping,Arts_Crafts_and_Sewing,1
craft work,Arts_Crafts_and_Sewing,1
thrift store,Arts_Crafts_and_Sewing,1
dollar store,Arts_Crafts_and_Sewing,1
cheap fabric,Arts_Crafts_and_Sewing,1
second purchase,Arts_Crafts_and_Sewing,1
passenger side,Automotive,1
front seat covers,Automotive,1
brakes work,Automotive,1
passenger seat,Automotive,1
back seat,Automotive,1
front seats,Automotive,1
car seat,Automotive,1
steering wheel,Automotive,1
power steering,Automotive,1
new brakes,Automotive,1
factory harness,Automotive,1
wiring harness,Automotive,1
stock seat,Automotive,1
wiper arm,Automotive,1
wiper blade,Automotive,1
rearview mirror,Automotive,1
side by side,Automotive,1
only down side,Automotive,1
door locks,Automotive,1
necessary parts,Automotive,1
seat belt,Automotive,1
front rotors,Automotive,1
front struts,Automotive,1
left side,Automotive,1
bottom line,Automotive,1
corn syrup,Grocery_and_Gourmet_Food,1
chocolate syrup,Grocery_and_Gourmet_Food,1
maple syrup,Grocery_and_Gourmet_Food,1
candy corn,Grocery_and_Gourmet_Food,1
fresh candy,Grocery_and_Gourmet_Food,1
tomato juice,Grocery_and_Gourmet_Food,1
corn flakes,Grocery_and_Gourmet_Food,1
apple cider vinegar,Grocery_and_Gourmet_Food,1
apple juice,Grocery_and_Gourmet_Food,1
orange juice,Grocery_and_Gourmet_Food,1
grape juice,Grocery_and_Gourmet_Food,1
fruit juice,Grocery_and_Gourmet_Food,1
corn nuts,Grocery_and_Gourmet_Food,1
corn meal,Grocery_and_Gourmet_Food,1
orange flavor,Grocery_and_Gourmet_Food,1
coconut milk,Grocery_and_Gourmet_Food,1
honey mustard,Grocery_and_Gourmet_Food,1
flax seeds,Grocery_and_Gourmet_Food,1
caramel corn,Grocery_and_Gourmet_Food,1
corn starch,Grocery_and_Gourmet_Food,1
whole wheat pasta,Grocery_and_Gourmet_Food,1
cane sugar,Grocery_and_Gourmet_Food,1
soda stream,Grocery_and_Gourmet_Food,1
rye bread,Grocery_and_Gourmet_Food,1
green apple,Grocery_and_Gourmet_Food,1
key ring,Office_Products,1
key chain,Office_Products,1
house key,Office_Products,1
metal rings,Office_Products,1
personal touch,Office_Products,1
home business,Office_Products,1
gold foil,Office_Products,1
business cards,Office_Products,1
near future,Office_Products,1
small business,Office_Products,1
current year,Office_Products,1
current month,Office_Products,1
personal preference,Office_Products,1
business days,Office_Products,1
car key,Office_Products,1
personal use,Office_Products,1
business needs,Office_Products,1
ring binder,Office_Products,1
personal note,Office_Products,1
business card holder,Office_Products,1
heavy card stock,Office_Products,1
big box stores,Office_Products,1
own risk,Office_Products,1
new home,Office_Products,1
key fob,Office_Products,1
lawn mower,Patio_Lawn_and_Garden,1
lawn tractor,Patio_Lawn_and_Garden,1
new mower,Patio_Lawn_and_Garden,1
old mower,Patio_Lawn_and_Garden,1
push mower,Patio_Lawn_and_Garden,1
snapper mower,Patio_Lawn_and_Garden,1
potting soil,Patio_Lawn_and_Garden,1
garden soil,Patio_Lawn_and_Garden,0
pool cleaner,Patio_Lawn_and_Garden,1
sprinkler system,Patio_Lawn_and_Garden,1
small plant,Patio_Lawn_and_Garden,1
air plant,Patio_Lawn_and_Garden,1
potted plant,Patio_Lawn_and_Garden,1
same plant,Patio_Lawn_and_Garden,1
actual plant,Patio_Lawn_and_Garden,1
large plant,Patio_Lawn_and_Garden,1
live plant,Patio_Lawn_and_Garden,1
suction cups,Patio_Lawn_and_Garden,1
power washer,Patio_Lawn_and_Garden,1
pressure washer,Patio_Lawn_and_Garden,1
leaf blower,Patio_Lawn_and_Garden,1
front lawn,Patio_Lawn_and_Garden,1
skimmer basket,Patio_Lawn_and_Garden,1
plant pot,Patio_Lawn_and_Garden,1
plant stand,Patio_Lawn_and_Garden,1
halloween costume,Arts_Crafts_and_Sewing,1
dance costume,Arts_Crafts_and_Sewing,1
silhouette cameo,Arts_Crafts_and_Sewing,1
crafts projects,Arts_Crafts_and_Sewing,1
paper crafts,Arts_Crafts_and_Sewing,1
table decorations,Arts_Crafts_and_Sewing,1
christmas ornaments,Arts_Crafts_and_Sewing,1
wedding decorations,Arts_Crafts_and_Sewing,1
halloween cards,Arts_Crafts_and_Sewing,1
hero arts,Arts_Crafts_and_Sewing,1
costume jewelry,Arts_Crafts_and_Sewing,1
crafts store,Arts_Crafts_and_Sewing,1
fairy garden,Arts_Crafts_and_Sewing,0
fun die,Arts_Crafts_and_Sewing,1
sketch pad,Arts_Crafts_and_Sewing,1
sky blue,Arts_Crafts_and_Sewing,1
first quilt,Arts_Crafts_and_Sewing,1
budding artist,Arts_Crafts_and_Sewing,1
little flowers,Arts_Crafts_and_Sewing,1
vintage look,Arts_Crafts_and_Sewing,1
shadow box,Arts_Crafts_and_Sewing,1
whole roll,Arts_Crafts_and_Sewing,1
little rough,Arts_Crafts_and_Sewing,1
house mouse,Arts_Crafts_and_Sewing,1
couple years,Arts_Crafts_and_Sewing,1
key chain,Automotive,1
auto stores,Automotive,1
auto parts stores,Automotive,1
local parts stores,Automotive,1
dealer cost,Automotive,1
dealer price,Automotive,1
new look,Automotive,1
new product,Automotive,1
near future,Automotive,1
new set,Automotive,1
old key,Automotive,1
original key,Automotive,4
car key,Automotive,1
expensive brands,Automotive,1
new hardware,Automotive,1
new parts,Automotive,1
new battery,Automotive,1
business days,Automotive,1
new motor,Automotive,1
new pump,Automotive,1
new vehicle,Automotive,1
previous owner,Automotive,1
different company,Automotive,1
honda dealer,Automotive,1
local dealer,Automotive,1
hot chocolate,Grocery_and_Gourmet_Food,1
hot tea,Grocery_and_Gourmet_Food,1
hot coffee,Grocery_and_Gourmet_Food,1
chocolate lover,Grocery_and_Gourmet_Food,1
hot food,Grocery_and_Gourmet_Food,1
hot cereal,Grocery_and_Gourmet_Food,1
hot sauce,Grocery_and_Gourmet_Food,1
hot peppers,Grocery_and_Gourmet_Food,1
rock candy,Grocery_and_Gourmet_Food,1
yummy candy,Grocery_and_Gourmet_Food,1
gummy candy,Grocery_and_Gourmet_Food,1
hard candy,Grocery_and_Gourmet_Food,1
egg rolls,Grocery_and_Gourmet_Food,1
cup cakes,Grocery_and_Gourmet_Food,1
hot stuff,Grocery_and_Gourmet_Food,1
milk chocolate,Grocery_and_Gourmet_Food,1
double chocolate,Grocery_and_Gourmet_Food,1
hot water,Grocery_and_Gourmet_Food,1
chocolate syrup,Grocery_and_Gourmet_Food,1
little girls,Grocery_and_Gourmet_Food,1
super hot,Grocery_and_Gourmet_Food,1
peanut butter cups,Grocery_and_Gourmet_Food,1
asian market,Grocery_and_Gourmet_Food,1
hot dogs,Grocery_and_Gourmet_Food,1
little honey,Grocery_and_Gourmet_Food,1
name brand,Office_Products,1
fun design,Office_Products,1
cool design,Office_Products,1
unique design,Office_Products,1
poor design,Office_Products,1
simple design,Office_Products,1
sleek design,Office_Products,1
same brand,Office_Products,1
different brand,Office_Products,1
exact fit,Office_Products,2
tight fit,Office_Products,2
original manufacturer,Office_Products,4
original ones,Office_Products,4
full page,Office_Products,1
full set,Office_Products,1
full price,Office_Products,1
complete junk,Office_Products,1
cover design,Office_Products,1
original review,Office_Products,4
last name,Office_Products,1
design flaw,Office_Products,1
full size,Office_Products,1
name badge,Office_Products,1
original box,Office_Products,4
exact same thing,Office_Products,1
door mat,Patio_Lawn_and_Garden,1
floor mat,Patio_Lawn_and_Garden,1
welcome mat,Patio_Lawn_and_Garden,1
bathroom mat,Patio_Lawn_and_Garden,1
bath mat,Patio_Lawn_and_Garden,1
old belt,Patio_Lawn_and_Garden,1
replacement belt,Patio_Lawn_and_Garden,1
drive belt,Patio_Lawn_and_Garden,1
new belt,Patio_Lawn_and_Garden,1
oem belt,Patio_Lawn_and_Garden,1
place mat,Patio_Lawn_and_Garden,1
thin mat,Patio_Lawn_and_Garden,1
rubber mat,Patio_Lawn_and_Garden,1
heat mat,Patio_Lawn_and_Garden,1
mouse pad,Patio_Lawn_and_Garden,1
back door,Patio_Lawn_and_Garden,1
front door,Patio_Lawn_and_Garden,1
garage door,Patio_Lawn_and_Garden,1
patio door,Patio_Lawn_and_Garden,1
glass door,Patio_Lawn_and_Garden,1
belt fit,Patio_Lawn_and_Garden,2
light shines,Patio_Lawn_and_Garden,1
sun shines,Patio_Lawn_and_Garden,1
twist ties,Patio_Lawn_and_Garden,1
next morning,Patio_Lawn_and_Garden,1
birthday party,Arts_Crafts_and_Sewing,1
happy birthday,Arts_Crafts_and_Sewing,1
brother se400,Arts_Crafts_and_Sewing,1
thank u,Arts_Crafts_and_Sewing,1
thanks guys,Arts_Crafts_and_Sewing,1
thanks amazon,Arts_Crafts_and_Sewing,1
cool stuff,Arts_Crafts_and_Sewing,1
super cool,Arts_Crafts_and_Sewing,1
looks cool,Arts_Crafts_and_Sewing,1
first birthday,Arts_Crafts_and_Sewing,1
friends birthday,Arts_Crafts_and_Sewing,1
hello kitty,Arts_Crafts_and_Sewing,1
right place,Arts_Crafts_and_Sewing,1
dear friend,Arts_Crafts_and_Sewing,1
birthday present,Arts_Crafts_and_Sewing,1
birthday gift,Arts_Crafts_and_Sewing,1
cool design,Arts_Crafts_and_Sewing,1
cool item,Arts_Crafts_and_Sewing,1
fine thread,Arts_Crafts_and_Sewing,3
work fine,Arts_Crafts_and_Sewing,3
cool stickers,Arts_Crafts_and_Sewing,1
friend for christmas,Arts_Crafts_and_Sewing,1
first place,Arts_Crafts_and_Sewing,1
exactly what,Arts_Crafts_and_Sewing,1
ok product,Arts_Crafts_and_Sewing,1
super easy,Automotive,1
super simple,Automotive,1
long time,Automotive,1
long term,Automotive,1
long lasting,Automotive,1
super fast,Automotive,1
fit well,Automotive,2
fit as described,Automotive,2
small amount,Automotive,1
quick response,Automotive,1
comfortable ride,Automotive,1
small side,Automotive,1
small issue,Automotive,1
quick delivery,Automotive,1
works well,Automotive,1
highly recommend,Automotive,1
super duty,Automotive,1
small dent,Automotive,1
easy installation,Automotive,1
super product,Automotive,1
small size,Automotive,1
quick ship,Automotive,1
super cheap,Automotive,1
long story,Automotive,1
comfortable helmet,Automotive,1
taste buds,Grocery_and_Gourmet_Food,1
tea leaves,Grocery_and_Gourmet_Food,1
delicious taste,Grocery_and_Gourmet_Food,1
smooth taste,Grocery_and_Gourmet_Food,1
fresh tasting,Grocery_and_Gourmet_Food,1
different taste,Grocery_and_Gourmet_Food,1
subtle taste,Grocery_and_Gourmet_Food,1
mint taste,Grocery_and_Gourmet_Food,1
mild taste,Grocery_and_Gourmet_Food,1
artificial taste,Grocery_and_Gourmet_Food,1
cinnamon taste,Grocery_and_Gourmet_Food,1
unique taste,Grocery_and_Gourmet_Food,1
fantastic taste,Grocery_and_Gourmet_Food,1
chemical taste,Grocery_and_Gourmet_Food,1
distinctive taste,Grocery_and_Gourmet_Food,1
coconut taste,Grocery_and_Gourmet_Food,1
bland taste,Grocery_and_Gourmet_Food,1
delicious snack,Grocery_and_Gourmet_Food,1
delicious tea,Grocery_and_Gourmet_Food,1
breakfast blend,Grocery_and_Gourmet_Food,1
spring water,Grocery_and_Gourmet_Food,1
breakfast cereal,Grocery_and_Gourmet_Food,1
dinner party,Grocery_and_Gourmet_Food,1
red wine,Grocery_and_Gourmet_Food,1
candy bar,Grocery_and_Gourmet_Food,1
christmas cards,Office_Products,1
holiday cards,Office_Products,1
valentine cards,Office_Products,1
gift for christmas,Office_Products,1
xmas gift,Office_Products,1
lovely cards,Office_Products,1
gorgeous cards,Office_Products,1
card holder,Office_Products,1
badge holder,Office_Products,1
christmas tree,Office_Products,1
box of cards,Office_Products,1
stamp pad,Office_Products,1
place cards,Office_Products,1
time cards,Office_Products,1
whole box,Office_Products,1
dollar tree,Office_Products,1
gift tags,Office_Products,1
fun gift,Office_Products,1
credit cards,Office_Products,1
cork board,Office_Products,1
own cards,Office_Products,1
clip board,Office_Products,1
pen holder,Office_Products,1
sign holder,Office_Products,1
card slots,Office_Products,1
easy install,Patio_Lawn_and_Garden,1
easy instructions,Patio_Lawn_and_Garden,1
same as oem,Patio_Lawn_and_Garden,1
super easy,Patio_Lawn_and_Garden,1
long time,Patio_Lawn_and_Garden,1
small space,Patio_Lawn_and_Garden,1
small engines,Patio_Lawn_and_Garden,1
small ones,Patio_Lawn_and_Garden,1
super sturdy,Patio_Lawn_and_Garden,1
super product,Patio_Lawn_and_Garden,1
plenty of space,Patio_Lawn_and_Garden,1
super fast,Patio_Lawn_and_Garden,1
short while,Patio_Lawn_and_Garden,1
small flag,Patio_Lawn_and_Garden,1
long term,Patio_Lawn_and_Garden,1
super thin,Patio_Lawn_and_Garden,1
super comfy,Patio_Lawn_and_Garden,1
plenty of time,Patio_Lawn_and_Garden,1
handy tool,Patio_Lawn_and_Garden,1
highly recommend,Patio_Lawn_and_Garden,1
electric start,Patio_Lawn_and_Garden,1
super cool,Patio_Lawn_and_Garden,1
long handle,Patio_Lawn_and_Garden,1
windy day,Patio_Lawn_and_Garden,1
small box,Patio_Lawn_and_Garden,1
die cut,Arts_Crafts_and_Sewing,1
right hand,Arts_Crafts_and_Sewing,1
brush tip,Arts_Crafts_and_Sewing,1
fine tip,Arts_Crafts_and_Sewing,3
fan brush,Arts_Crafts_and_Sewing,1
single brush,Arts_Crafts_and_Sewing,1
air brush,Arts_Crafts_and_Sewing,1
little scissors,Arts_Crafts_and_Sewing,1
small scissors,Arts_Crafts_and_Sewing,1
pair of scissors,Arts_Crafts_and_Sewing,1
sharp point,Arts_Crafts_and_Sewing,1
cut outs,Arts_Crafts_and_Sewing,1
sharp edge,Arts_Crafts_and_Sewing,1
fussy cutting,Arts_Crafts_and_Sewing,1
glue sticks,Arts_Crafts_and_Sewing,1
clean cut,Arts_Crafts_and_Sewing,1
versatile die,Arts_Crafts_and_Sewing,1
fun die,Arts_Crafts_and_Sewing,1
square needles,Arts_Crafts_and_Sewing,1
circular needle,Arts_Crafts_and_Sewing,1
hand embroidery,Arts_Crafts_and_Sewing,1
pencil sharpener,Arts_Crafts_and_Sewing,1
die set,Arts_Crafts_and_Sewing,1
hand sewing,Arts_Crafts_and_Sewing,1
rotary cutter,Arts_Crafts_and_Sewing,1
fit right,Automotive,2
fit well,Automotive,2
fit like factory,Automotive,2
fit properly,Automotive,2
decent fit,Automotive,2
fit fine,Automotive,3
proper fit,Automotive,2
fit as described,Automotive,2
does not fit,Automotive,2
terrible fit,Automotive,2
poor fit,Automotive,2
didnt fit,Automotive,2
name brand,Automotive,1
only brand,Automotive,1
different brand,Automotive,1
custom fit,Automotive,2
original pump,Automotive,4
original ones,Automotive,4
looks factory,Automotive,1
exact same thing,Automotive,1
factory replacement,Automotive,1
long time,Automotive,1
make sure,Automotive,1
original parts,Automotive,4
cold air,Automotive,1
different flavors,Grocery_and_Gourmet_Food,1
variety of flavors,Grocery_and_Gourmet_Food,1
various flavors,Grocery_and_Gourmet_Food,1
different taste,Grocery_and_Gourmet_Food,1
unique flavors,Grocery_and_Gourmet_Food,1
subtle flavors,Grocery_and_Gourmet_Food,1
delicious flavors,Grocery_and_Gourmet_Food,1
new flavors,Grocery_and_Gourmet_Food,1
artificial flavors,Grocery_and_Gourmet_Food,1
fruit flavors,Grocery_and_Gourmet_Food,1
original flavor,Grocery_and_Gourmet_Food,4
complex flavor,Grocery_and_Gourmet_Food,1
robust flavor,Grocery_and_Gourmet_Food,1
peanut butter flavor,Grocery_and_Gourmet_Food,1
salad dressings,Grocery_and_Gourmet_Food,1
variety of dishes,Grocery_and_Gourmet_Food,1
different texture,Grocery_and_Gourmet_Food,1
pasta dishes,Grocery_and_Gourmet_Food,1
celestial seasonings,Grocery_and_Gourmet_Food,1
different kinds,Grocery_and_Gourmet_Food,1
spicy foods,Grocery_and_Gourmet_Food,1
curry paste,Grocery_and_Gourmet_Food,1
flavored coffees,Grocery_and_Gourmet_Food,1
frozen pizza,Grocery_and_Gourmet_Food,1
full of flavor,Grocery_and_Gourmet_Food,1
ink cartridges,Office_Products,1
black cartridge,Office_Products,4
black ink cartridge,Office_Products,4
black color,Office_Products,1
toner cartridge,Office_Products,4
yellow cartridge,Office_Products,4
color cartridge,Office_Products,4
original hp cartridge,Office_Products,4
original cartridge,Office_Products,4
brother cartridges,Office_Products,1
hp cartridges,Office_Products,1
remanufactured cartridges,Office_Products,1
old cartridge,Office_Products,4
empty cartridge,Office_Products,4
black streaks,Office_Products,1
black pen,Office_Products,1
first cartridge,Office_Products,4
black light,Office_Products,1
black lines,Office_Products,1
black background,Office_Products,1
little girl,Office_Products,1
refill kit,Office_Products,1
black ones,Office_Products,1
pen refills,Office_Products,1
gorgeous cards,Office_Products,1
wind chime,Patio_Lawn_and_Garden,1
little wind,Patio_Lawn_and_Garden,1
strong wind,Patio_Lawn_and_Garden,1
heavy wind,Patio_Lawn_and_Garden,1
gust of wind,Patio_Lawn_and_Garden,1
wind blows,Patio_Lawn_and_Garden,1
solar power,Patio_Lawn_and_Garden,1
power supply,Patio_Lawn_and_Garden,1
wind spinner,Patio_Lawn_and_Garden,1
solar panels,Patio_Lawn_and_Garden,1
wind storm,Patio_Lawn_and_Garden,1
solar cover,Patio_Lawn_and_Garden,1
solar light,Patio_Lawn_and_Garden,1
fuel line,Patio_Lawn_and_Garden,1
wind sock,Patio_Lawn_and_Garden,1
fuel cap,Patio_Lawn_and_Garden,1
spark plug,Patio_Lawn_and_Garden,1
fuel tank,Patio_Lawn_and_Garden,1
enough power,Patio_Lawn_and_Garden,1
much power,Patio_Lawn_and_Garden,1
fuel filter,Patio_Lawn_and_Garden,1
gallons of water,Patio_Lawn_and_Garden,1
only gripe,Patio_Lawn_and_Garden,1
mother in law,Patio_Lawn_and_Garden,1
air compressor,Patio_Lawn_and_Garden,1
scrapbook pages,Arts_Crafts_and_Sewing,1
scrapbook paper,Arts_Crafts_and_Sewing,1
piece of paper,Arts_Crafts_and_Sewing,1
sheet of paper,Arts_Crafts_and_Sewing,1
origami paper,Arts_Crafts_and_Sewing,1
different papers,Arts_Crafts_and_Sewing,1
regular paper,Arts_Crafts_and_Sewing,1
heavy paper,Arts_Crafts_and_Sewing,1
thin paper,Arts_Crafts_and_Sewing,1
type of paper,Arts_Crafts_and_Sewing,1
arrvd on time,Arts_Crafts_and_Sewing,1
scrapbook project,Arts_Crafts_and_Sewing,1
small pieces,Arts_Crafts_and_Sewing,1
little pieces,Arts_Crafts_and_Sewing,1
extra pieces,Arts_Crafts_and_Sewing,1
pattern pieces,Arts_Crafts_and_Sewing,1
broken pieces,Arts_Crafts_and_Sewing,1
fine print,Arts_Crafts_and_Sewing,3
scrap book,Arts_Crafts_and_Sewing,1
bias tape,Arts_Crafts_and_Sewing,1
sticker sheet,Arts_Crafts_and_Sewing,1
paper weight,Arts_Crafts_and_Sewing,1
measuring tape,Arts_Crafts_and_Sewing,1
sided tape,Arts_Crafts_and_Sewing,1
paper pad,Arts_Crafts_and_Sewing,1
works fine,Automotive,3
works well,Automotive,1
works as described,Automotive,1
work fine,Automotive,3
worked fine,Automotive,3
works like oem,Automotive,1
right tools,Automotive,1
proper tools,Automotive,1
basic tools,Automotive,1
special tools,Automotive,1
product works,Automotive,1
instrument cluster,Automotive,1
instruction sheet,Automotive,1
right place,Automotive,1
bolt pattern,Automotive,1
fit fine,Automotive,3
fine product,Automotive,3
same model,Automotive,1
fine print,Automotive,3
used car,Automotive,1
model number,Automotive,1
first place,Automotive,1
only place,Automotive,1
used part,Automotive,1
stays in place,Automotive,1
whole bag,Grocery_and_Gourmet_Food,1
entire bag,Grocery_and_Gourmet_Food,1
little bag,Grocery_and_Gourmet_Food,1
small bag,Grocery_and_Gourmet_Food,1
tiny bag,Grocery_and_Gourmet_Food,1
first bag,Grocery_and_Gourmet_Food,1
big bag,Grocery_and_Gourmet_Food,1
single bag,Grocery_and_Gourmet_Food,1
ziplock bag,Grocery_and_Gourmet_Food,1
sealed bag,Grocery_and_Gourmet_Food,1
lunch bag,Grocery_and_Gourmet_Food,1
bag of candy,Grocery_and_Gourmet_Food,1
bag of chips,Grocery_and_Gourmet_Food,1
individual bags,Grocery_and_Gourmet_Food,1
tea bags,Grocery_and_Gourmet_Food,1
gift bags,Grocery_and_Gourmet_Food,1
goodie bags,Grocery_and_Gourmet_Food,1
whole house,Grocery_and_Gourmet_Food,1
whole thing,Grocery_and_Gourmet_Food,1
whole box,Grocery_and_Gourmet_Food,1
kinda pricey,Grocery_and_Gourmet_Food,1
last awhile,Grocery_and_Gourmet_Food,1
whole package,Grocery_and_Gourmet_Food,1
whole family,Grocery_and_Gourmet_Food,1
do not buy,Grocery_and_Gourmet_Food,1
fountain pens,Office_Products,1
ink pens,Office_Products,1
gel pens,Office_Products,1
parker pens,Office_Products,1
ballpoint pens,Office_Products,1
cross pens,Office_Products,1
pilot pens,Office_Products,1
fine point pens,Office_Products,3
sheet protectors,Office_Products,1
page protectors,Office_Products,1
expensive pens,Office_Products,1
cheap pens,Office_Products,1
pens work,Office_Products,1
fountain pen ink,Office_Products,1
strong magnets,Office_Products,1
new pens,Office_Products,1
note pads,Office_Products,1
mouse pads,Office_Products,1
reading glasses,Office_Products,1
adhesive strip,Office_Products,1
pens for years,Office_Products,1
legal pads,Office_Products,1
binder clips,Office_Products,1
plastic wrap,Office_Products,1
ring binder,Office_Products,1
direct replacement,Patio_Lawn_and_Garden,1
identical replacement,Patio_Lawn_and_Garden,1
battery pack,Patio_Lawn_and_Garden,1
only option,Patio_Lawn_and_Garden,1
phone number,Patio_Lawn_and_Garden,1
extra cost,Patio_Lawn_and_Garden,1
reasonable cost,Patio_Lawn_and_Garden,1
shipping cost,Patio_Lawn_and_Garden,1
shipping charges,Patio_Lawn_and_Garden,1
delivery date,Patio_Lawn_and_Garden,1
arrival date,Patio_Lawn_and_Garden,1
new battery,Patio_Lawn_and_Garden,1
plenty of room,Patio_Lawn_and_Garden,1
much room,Patio_Lawn_and_Garden,1
enough room,Patio_Lawn_and_Garden,1
speed of delivery,Patio_Lawn_and_Garden,1
delivery time,Patio_Lawn_and_Garden,1
replacement parts,Patio_Lawn_and_Garden,1
direct fit,Patio_Lawn_and_Garden,2
quick delivery,Patio_Lawn_and_Garden,1
prompt delivery,Patio_Lawn_and_Garden,1
fast delivery,Patio_Lawn_and_Garden,1
only drawback,Patio_Lawn_and_Garden,1
worth buying,Patio_Lawn_and_Garden,1
heavy duty,Patio_Lawn_and_Garden,1
variety of colors,Arts_Crafts_and_Sewing,1
assorted colors,Arts_Crafts_and_Sewing,1
selection of colors,Arts_Crafts_and_Sewing,1
range of colors,Arts_Crafts_and_Sewing,1
different colors,Arts_Crafts_and_Sewing,1
color variety,Arts_Crafts_and_Sewing,1
mix of colors,Arts_Crafts_and_Sewing,1
amount of beads,Arts_Crafts_and_Sewing,1
skein of yarn,Arts_Crafts_and_Sewing,1
balls of yarn,Arts_Crafts_and_Sewing,1
ball of yarn,Arts_Crafts_and_Sewing,1
variety of sizes,Arts_Crafts_and_Sewing,1
different sizes,Arts_Crafts_and_Sewing,1
type of yarn,Arts_Crafts_and_Sewing,1
variety of ways,Arts_Crafts_and_Sewing,1
kinds of things,Arts_Crafts_and_Sewing,1
variety of projects,Arts_Crafts_and_Sewing,1
strand of beads,Arts_Crafts_and_Sewing,1
actual color,Arts_Crafts_and_Sewing,1
own colors,Arts_Crafts_and_Sewing,1
solid colors,Arts_Crafts_and_Sewing,1
small beads,Arts_Crafts_and_Sewing,1
different fabrics,Arts_Crafts_and_Sewing,1
extra glue,Arts_Crafts_and_Sewing,1
pop of color,Arts_Crafts_and_Sewing,1
seat covers,Automotive,1
back seat cover,Automotive,1
steering wheel cover,Automotive,1
valve cover,Automotive,1
hitch cover,Automotive,1
old cover,Automotive,1
tire cover,Automotive,1
passenger seat,Automotive,1
stock seat,Automotive,1
brakes work,Automotive,1
factory harness,Automotive,1
wiring harness,Automotive,1
velcro straps,Automotive,1
electrical tape,Automotive,1
adhesive tape,Automotive,1
sided tape,Automotive,1
seat belt,Automotive,1
wiper blade,Automotive,1
passenger side,Automotive,1
fine print,Automotive,3
power steering,Automotive,1
instruction sheet,Automotive,1
running boards,Automotive,1
cover fit,Automotive,2
new brakes,Automotive,1
milk chocolate,Grocery_and_Gourmet_Food,1
much chocolate,Grocery_and_Gourmet_Food,1
white chocolate,Grocery_and_Gourmet_Food,1
peanut butter cups,Grocery_and_Gourmet_Food,1
candy corn,Grocery_and_Gourmet_Food,1
fresh candy,Grocery_and_Gourmet_Food,1
yummy candy,Grocery_and_Gourmet_Food,1
candy bar,Grocery_and_Gourmet_Food,1
hard candy,Grocery_and_Gourmet_Food,1
cotton candy,Grocery_and_Gourmet_Food,1
chocolate syrup,Grocery_and_Gourmet_Food,1
coconut milk,Grocery_and_Gourmet_Food,1
soy milk,Grocery_and_Gourmet_Food,1
condensed milk,Grocery_and_Gourmet_Food,1
almond milk,Grocery_and_Gourmet_Food,1
whole milk,Grocery_and_Gourmet_Food,1
chocolate flavor,Grocery_and_Gourmet_Food,1
raw honey,Grocery_and_Gourmet_Food,1
egg salad,Grocery_and_Gourmet_Food,1
milk supply,Grocery_and_Gourmet_Food,1
cup cakes,Grocery_and_Gourmet_Food,1
honey mustard,Grocery_and_Gourmet_Food,1
egg rolls,Grocery_and_Gourmet_Food,1
sugar substitute,Grocery_and_Gourmet_Food,1
candy jar,Grocery_and_Gourmet_Food,1
plenty of space,Office_Products,1
extra space,Office_Products,1
small space,Office_Products,1
plenty of room,Office_Products,1
much space,Office_Products,1
ample space,Office_Products,1
small areas,Office_Products,1
clean lines,Office_Products,1
thin lines,Office_Products,1
fine lines,Office_Products,3
super fast delivery,Office_Products,1
quick delivery,Office_Products,1
super fast shipping,Office_Products,1
small amount,Office_Products,1
plenty of time,Office_Products,1
type of product,Office_Products,1
ease of use,Office_Products,1
actual product,Office_Products,1
volume control,Office_Products,1
plenty of pages,Office_Products,1
years of use,Office_Products,1
small footprint,Office_Products,1
super product,Office_Products,1
product as described,Office_Products,1
super convenient,Office_Products,1
stainless steel,Patio_Lawn_and_Garden,1
wrought iron,Patio_Lawn_and_Garden,1
cast iron,Patio_Lawn_and_Garden,1
sturdy metal,Patio_Lawn_and_Garden,1
thin metal,Patio_Lawn_and_Garden,1
sheet metal,Patio_Lawn_and_Garden,1
heavy metal,Patio_Lawn_and_Garden,1
durable material,Patio_Lawn_and_Garden,1
cheap materials,Patio_Lawn_and_Garden,1
stepping stones,Patio_Lawn_and_Garden,1
metal parts,Patio_Lawn_and_Garden,1
metal piece,Patio_Lawn_and_Garden,1
durable plastic,Patio_Lawn_and_Garden,1
hard plastic,Patio_Lawn_and_Garden,1
thin plastic,Patio_Lawn_and_Garden,1
fade resistant,Patio_Lawn_and_Garden,1
water resistant,Patio_Lawn_and_Garden,1
weather resistant,Patio_Lawn_and_Garden,1
durable product,Patio_Lawn_and_Garden,1
metal detector,Patio_Lawn_and_Garden,1
durable fabric,Patio_Lawn_and_Garden,1
metal ones,Patio_Lawn_and_Garden,1
durable flag,Patio_Lawn_and_Garden,1
pool liner,Patio_Lawn_and_Garden,1
small pool,Patio_Lawn_and_Garden,1
key ring,Arts_Crafts_and_Sewing,1
split rings,Arts_Crafts_and_Sewing,1
real gold,Arts_Crafts_and_Sewing,1
solid gold,Arts_Crafts_and_Sewing,1
sterling silver,Arts_Crafts_and_Sewing,1
shiny silver,Arts_Crafts_and_Sewing,1
bright silver,Arts_Crafts_and_Sewing,1
gold ones,Arts_Crafts_and_Sewing,1
silver plating,Arts_Crafts_and_Sewing,1
jump rings,Arts_Crafts_and_Sewing,1
ear rings,Arts_Crafts_and_Sewing,1
ring size,Arts_Crafts_and_Sewing,1
silver chain,Arts_Crafts_and_Sewing,1
pearl necklace,Arts_Crafts_and_Sewing,1
gold paint,Arts_Crafts_and_Sewing,1
napkin rings,Arts_Crafts_and_Sewing,1
yellow gold,Arts_Crafts_and_Sewing,1
gold tone,Arts_Crafts_and_Sewing,1
gold color,Arts_Crafts_and_Sewing,1
bead work,Arts_Crafts_and_Sewing,1
gold leaf,Arts_Crafts_and_Sewing,1
zipper pull,Arts_Crafts_and_Sewing,1
hard time,Arts_Crafts_and_Sewing,1
slow delivery,Arts_Crafts_and_Sewing,1
work fine,Arts_Crafts_and_Sewing,3
honda accord,Automotive,1
honda civic,Automotive,1
honda odyssey,Automotive,1
honda shadow,Automotive,1
honda rancher,Automotive,1
honda rebel,Automotive,1
honda prelude,Automotive,1
honda fit,Automotive,2
honda dealer,Automotive,1
chevy tahoe,Automotive,1
chevy express,Automotive,1
chevy avalanche,Automotive,1
chevy cavalier,Automotive,1
chevy suburban,Automotive,1
chevy equinox,Automotive,1
chevy malibu,Automotive,1
chevy blazer,Automotive,1
chevy pickup,Automotive,1
chevy silverado,Automotive,1
ford mustang,Automotive,1
chinese junk,Automotive,1
genuine honda part,Automotive,1
motorcycle helmet,Automotive,1
jeep commander,Automotive,1
happy camper,Automotive,1
baby shower,Grocery_and_Gourmet_Food,1
little boy,Grocery_and_Gourmet_Food,1
little guys,Grocery_and_Gourmet_Food,1
little girls,Grocery_and_Gourmet_Food,1
little ones,Grocery_and_Gourmet_Food,1
birthday girl,Grocery_and_Gourmet_Food,1
wee bit,Grocery_and_Gourmet_Food,1
hello kitty,Grocery_and_Gourmet_Food,1
hot stuff,Grocery_and_Gourmet_Food,1
rip off,Grocery_and_Gourmet_Food,1
love em,Grocery_and_Gourmet_Food,1
sticky mess,Grocery_and_Gourmet_Food,1
cant wait,Grocery_and_Gourmet_Food,1
rock candy,Grocery_and_Gourmet_Food,1
pop rocks,Grocery_and_Gourmet_Food,1
mom for mother,Grocery_and_Gourmet_Food,1
hot day,Grocery_and_Gourmet_Food,1
chocolate lovers,Grocery_and_Gourmet_Food,1
right mind,Grocery_and_Gourmet_Food,1
kids love,Grocery_and_Gourmet_Food,1
dear friend,Grocery_and_Gourmet_Food,1
little bit,Grocery_and_Gourmet_Food,1
hot water,Grocery_and_Gourmet_Food,1
same name,Grocery_and_Gourmet_Food,1
little harder,Grocery_and_Gourmet_Food,1
smooth writing,Office_Products,1
super smooth,Office_Products,1
thick paper,Office_Products,1
little thick,Office_Products,1
thick material,Office_Products,1
dark brown,Office_Products,1
soft leather,Office_Products,1
rich colors,Office_Products,1
smooth transaction,Office_Products,1
smooth surface,Office_Products,1
smooth ink,Office_Products,1
small issue,Office_Products,1
next page,Office_Products,1
plenty of pages,Office_Products,1
inch thick,Office_Products,1
inside pages,Office_Products,1
lined pages,Office_Products,1
thick mouse pad,Office_Products,1
thick plastic,Office_Products,1
solid piece,Office_Products,1
extra pages,Office_Products,1
piece of paper,Office_Products,1
big issue,Office_Products,1
thick card stock,Office_Products,1
reading glasses,Office_Products,1
bird feeder,Patio_Lawn_and_Garden,1
suet feeder,Patio_Lawn_and_Garden,1
bird food,Patio_Lawn_and_Garden,1
bird seed,Patio_Lawn_and_Garden,1
little bird,Patio_Lawn_and_Garden,1
wild birds,Patio_Lawn_and_Garden,1
blue birds,Patio_Lawn_and_Garden,1
bird house,Patio_Lawn_and_Garden,1
chicken coop,Patio_Lawn_and_Garden,1
back yard,Patio_Lawn_and_Garden,1
whole yard,Patio_Lawn_and_Garden,1
front yard,Patio_Lawn_and_Garden,1
small yard,Patio_Lawn_and_Garden,1
large yard,Patio_Lawn_and_Garden,1
acre pond,Patio_Lawn_and_Garden,1
yard flag,Patio_Lawn_and_Garden,1
bird bath,Patio_Lawn_and_Garden,1
yard work,Patio_Lawn_and_Garden,1
yard sign,Patio_Lawn_and_Garden,1
live plants,Patio_Lawn_and_Garden,1
plant food,Patio_Lawn_and_Garden,1
yard sale,Patio_Lawn_and_Garden,1
compost pile,Patio_Lawn_and_Garden,1
old tractor,Patio_Lawn_and_Garden,1
garden tractor,Patio_Lawn_and_Garden,0
small size,Office_Products,1
decent size,Office_Products,1
actual size,Office_Products,1
large size,Office_Products,1
full size,Office_Products,1
different size,Office_Products,1
correct size,Office_Products,1
normal size,Office_Products,1
wrong size,Office_Products,1
compact size,Office_Products,1
length of time,Office_Products,1
next size,Office_Products,1
front wheels,Office_Products,1
kind of thing,Office_Products,1
matter of fact,Office_Products,1
height adjustment,Office_Products,1
straight line,Office_Products,1
letter size,Office_Products,1
same time,Office_Products,1
right amount,Office_Products,1
plenty of time,Office_Products,1
end caps,Office_Products,1
paper weight,Office_Products,1
right side,Office_Products,1
exact same thing,Office_Products,1
